Prot_seq,SMILES,label
MSLGRLCRLLKPALLCGALAAPGLAGTMCASRDDWRCARSMHEFSAKDIDGHMVNLDKYRGFVCIVTNVASQUGKTEVNYTQLVDLHARYAECGLRILAFPCNQFGKQEPGSNEEIKEFAAGYNVKFDMFSKICVNGDDAHPLWKWMKIQPKGKGILGNAIKWNFTKFLIDKNGCVVKRYGPMEEPLVIEKDLPHYF,Cc1ccc2c(c1)c(-c1ccc(C)[nH]c1=O)c(C(=O)O)n2Cc1cc([N+](=O)[O-])ccc1F,7.920818753952375
MPSRAEDYEVLYTIGTGSYGRCQKIRRKSDGKILVWKELDYGSMTEAEKQMLVSEVNLLRELKHPNIVRYYDRIIDRTNTTLYIVMEYCEGGDLASVITKGTKERQYLDEEFVLRVMTQLTLALKECHRRSDGGHTVLHRDLKPANVFLDGKQNVKLGDFGLARILNHDTSFAKTFVGTPYYMSPEQMNRMSYNEKSDIWSLGCLLYELCALMPPFTAFSQKELAGKIREGKFRRIPYRYSDELNEIITRMLNLKDYHRPSVEEILENPLIADLVADEQRRNLERRGRQLGEPEKSQDSSPVLSELKLKEIQLQERERALKAREERLEQKEQELCVRERLAEDKLARAENLLKNYSLLKERKFLSLASNPELLNLPSSVIKKKVHFSGESKENIMRSENSESQLTSKSKCKDLKKRLHAAQLRAQALSDIEKNYQLKSRQILGMR,O=C1Nc2ccc(C(=O)CCl)cc2/C1=C/c1ccc[nH]1,8.221848749616356
SMSYTWTGALITPCAAEESKLPINALSNSLLRHHNMVYATTSRSAGLRQKKVTFDRLQVLDDHYRDVLKEMKAKASTVKAKLLSVEEACKLTPPHSAKSKFGYGAKDVRNLSSKAVNHIHSVWKDLLEDTVTPIDTTIMAKNEVFCVQPEKGGRKPARLIVFPDLGVRVCEKMALYDVVSTLPQVVMGSSYGFQYSPGQRVEFLVNTWKSKKNPMGFSYDTRCFDSTVTENDIRVEESIYQCCDLAPEARQAIKSLTERLYIGGPLTNSKGQNCGYRRCRASGVLTTSCGNTLTCYLKASAACRAAKLQDCTMLVNGDDLVVICESAGTQEDAASLRVFTEAMTRYSAPPGDPPQPEYDLELITSCSSNVSVAHDASGKRVYYLTRDPTTPLARAAWETARHTPVNSWLGNIIMYAPTLWARMILMTHFFSILLAQEQLEKALDCQIYGACYSIEPLDLPQIIERLHGLSAFSLHSYSPGEINRVASCLRKLGVPPLRVWRHRARSVRARLLSQGGRAATCGKYLFNWAVKTKLKLTPIPAASRLDLSGWFVAGYSGGDIYHSLSRARPRWFMLCLLLLSVGVGIYLLPNR,CCc1ccc2c(c1)c(-c1ccc[nH]c1=O)c(C(=O)NS(=O)(=O)C1CC1)n2Cc1cc(S(C)(=O)=O)c(Cl)cc1F,8.698970004336019
SMSYTWTGALITPCAAEESKLPINALSNSLLRHHNMVYATTSRSAGLRQKKVTFDRLQVLDDHYRDVLKEMKAKASTVKAKLLSVEEACKLTPPHSAKSKFGYGAKDVRNLSSKAVNHIHSVWKDLLEDTVTPIDTTIMAKNEVFCVQPEKGGRKPARLIVFPDLGVRVCEKMALYDVVSTLPQVVMGSSYGFQYSPGQRVEFLVNTWKSKKNPMGFSYDTRCFDSTVTENDIRVEESIYQCCDLAPEARQAIKSLTERLYIGGPLTNSKGQNCGYRRCRASGVLTTSCGNTLTCYLKASAACRAAKLQDCTMLVNGDDLVVICESAGTQEDAASLRVFTEAMTRYSAPPGDPPQPEYDLELITSCSSNVSVAHDASGKRVYYLTRDPTTPLARAAWETARHTPVNSWLGNIIMYAPTLWARMILMTHFFSILLAQEQLEKALDCQIYGACYSIEPLDLPQIIERLHGLSAFSLHSYSPGEINRVASCLRKLGVPPLRVWRHRARSVRARLLSQGGRAATCGKYLFNWAVKTKLKLTPIPAASRLDLSGWFVAGYSGGDIYHSLSRARPRWFMLCLLLLSVGVGIYLLPNR,Cc1ccc2c(c1)c(-c1ccc[nH]c1=O)c(C(=O)NS(=O)(=O)C1CC1)n2Cc1cc(S(C)(=O)=O)cc(C#N)c1F,8.522878745280337
SMSYTWTGALITPCAAEESKLPINALSNSLLRHHNMVYATTSRSAGLRQKKVTFDRLQVLDDHYRDVLKEMKAKASTVKAKLLSVEEACKLTPPHSAKSKFGYGAKDVRNLSSKAVNHIHSVWKDLLEDTVTPIDTTIMAKNEVFCVQPEKGGRKPARLIVFPDLGVRVCEKMALYDVVSTLPQVVMGSSYGFQYSPGQRVEFLVNTWKSKKNPMGFSYDTRCFDSTVTENDIRVEESIYQCCDLAPEARQAIKSLTERLYIGGPLTNSKGQNCGYRRCRASGVLTTSCGNTLTCYLKASAACRAAKLQDCTMLVNGDDLVVICESAGTQEDAASLRVFTEAMTRYSAPPGDPPQPEYDLELITSCSSNVSVAHDASGKRVYYLTRDPTTPLARAAWETARHTPVNSWLGNIIMYAPTLWARMILMTHFFSILLAQEQLEKALDCQIYGACYSIEPLDLPQIIERLHGLSAFSLHSYSPGEINRVASCLRKLGVPPLRVWRHRARSVRARLLSQGGRAATCGKYLFNWAVKTKLKLTPIPAASRLDLSGWFVAGYSGGDIYHSLSRARPRWFMLCLLLLSVGVGIYLLPNR,CCc1ccc2c(c1)c(-c1ccc[nH]c1=O)c(C(=O)NS(=O)(=O)C1CC1)n2Cc1cc(S(C)(=O)=O)c(C#N)cc1F,8.522878745280337
SMSYTWTGALITPCAAEESKLPINALSNSLLRHHNMVYATTSRSAGLRQKKVTFDRLQVLDDHYRDVLKEMKAKASTVKAKLLSVEEACKLTPPHSAKSKFGYGAKDVRNLSSKAVNHIHSVWKDLLEDTVTPIDTTIMAKNEVFCVQPEKGGRKPARLIVFPDLGVRVCEKMALYDVVSTLPQVVMGSSYGFQYSPGQRVEFLVNTWKSKKNPMGFSYDTRCFDSTVTENDIRVEESIYQCCDLAPEARQAIKSLTERLYIGGPLTNSKGQNCGYRRCRASGVLTTSCGNTLTCYLKASAACRAAKLQDCTMLVNGDDLVVICESAGTQEDAASLRVFTEAMTRYSAPPGDPPQPEYDLELITSCSSNVSVAHDASGKRVYYLTRDPTTPLARAAWETARHTPVNSWLGNIIMYAPTLWARMILMTHFFSILLAQEQLEKALDCQIYGACYSIEPLDLPQIIERLHGLSAFSLHSYSPGEINRVASCLRKLGVPPLRVWRHRARSVRARLLSQGGRAATCGKYLFNWAVKTKLKLTPIPAASRLDLSGWFVAGYSGGDIYHSLSRARPRWFMLCLLLLSVGVGIYLLPNR,Cc1ccc2c(c1)c(-c1ccc[nH]c1=O)c(C(=O)O)n2Cc1cc([N+](=O)[O-])ccc1F,8.522878745280337
MELENIVANTVLLKAREGGGGKRKGKSKKWKEILKFPHISQCEDLRRTIDRDYCSLCDKQPIGRLLFRQFCETRPGLECYIQFLDSVAEYEVTPDEKLGEKGKEIMTKYLTPKSPVFIAQVGQDLVSQTEEKLLQKPCKELFSACAQSVHEYLRGEPFHEYLDSMFFDRFLQWKWLERQPVTKNTFRQYRVLGKGGFGEVCACQVRATGKMYACKRLEKKRIKKRKGESMALNEKQILEKVNSQFVVNLAYAYETKDALCLVLTIMNGGDLKFHIYNMGNPGFEEERALFYAAEILCGLEDLHRENTVYRDLKPENILLDDYGHIRISDLGLAVKIPEGDLIRGRVGTVGYMAPEVLNNQRYGLSPDYWGLGCLIYEMIEGQSPFRGRKEKVKREEVDRRVLETEEVYSHKFSEEAKSICKMLLTKDAKQRLGCQEEGAAEVKRHPFFRNMNFKRLEAGMLDPPFVPDPRAVYCKDVLDIEQFSTVKGVNLDHTDDDFYSKFSTGSVSIPWQNEMIETECFKELNVFGPNGTLPPDLNRNHPPEPPKKGLLQRLFKRQHQNNSKSSPSSKTSFNHHINSNHVSSNSTGSS,Cc1[nH]c(/C=C2\C(=O)Nc3ccc(C(=O)N[C@H](C)Cc4ccc(F)cc4)cc32)c(C)c1NC(=O)CCl,8.42021640338319
SMSYTWTGALITPCAAEESKLPINALSNSLLRHHNMVYATTSRSAGLRQKKVTFDRLQVLDDHYRDVLKEMKAKASTVKAKLLSVEEACKLTPPHSAKSKFGYGAKDVRNLSSKAVNHIHSVWKDLLEDTVTPIDTTIMAKNEVFCVQPEKGGRKPARLIVFPDLGVRVCEKMALYDVVSTLPQVVMGSSYGFQYSPGQRVEFLVNTWKSKKNPMGFSYDTRCFDSTVTENDIRVEESIYQCCDLAPEARQAIKSLTERLYIGGPLTNSKGQNCGYRRCRASGVLTTSCGNTLTCYLKASAACRAAKLQDCTMLVNGDDLVVICESAGTQEDAASLRVFTEAMTRYSAPPGDPPQPEYDLELITSCSSNVSVAHDASGKRVYYLTRDPTTPLARAAWETARHTPVNSWLGNIIMYAPTLWARMILMTHFFSILLAQEQLEKALDCQIYGACYSIEPLDLPQIIERLHGLSAFSLHSYSPGEINRVASCLRKLGVPPLRVWRHRARSVRARLLSQGGRAATCGKYLFNWAVKTKLKLTPIPAASRLDLSGWFVAGYSGGDIYHSLSRARPRWFMLCLLLLSVGVGIYLLPNR,O=C(NS(=O)(=O)C1CC1)c1c(-c2ccc[nH]c2=O)c2cc(C(F)(F)F)ccc2n1Cc1cc([N+](=O)[O-])ccc1F,8.397940008672037
SMSYTWTGALITPCAAEESKLPINALSNSLLRHHNMVYATTSRSAGLRQKKVTFDRLQVLDDHYRDVLKEMKAKASTVKAKLLSVEEACKLTPPHSAKSKFGYGAKDVRNLSSKAVNHIHSVWKDLLEDTVTPIDTTIMAKNEVFCVQPEKGGRKPARLIVFPDLGVRVCEKMALYDVVSTLPQVVMGSSYGFQYSPGQRVEFLVNTWKSKKNPMGFSYDTRCFDSTVTENDIRVEESIYQCCDLAPEARQAIKSLTERLYIGGPLTNSKGQNCGYRRCRASGVLTTSCGNTLTCYLKASAACRAAKLQDCTMLVNGDDLVVICESAGTQEDAASLRVFTEAMTRYSAPPGDPPQPEYDLELITSCSSNVSVAHDASGKRVYYLTRDPTTPLARAAWETARHTPVNSWLGNIIMYAPTLWARMILMTHFFSILLAQEQLEKALDCQIYGACYSIEPLDLPQIIERLHGLSAFSLHSYSPGEINRVASCLRKLGVPPLRVWRHRARSVRARLLSQGGRAATCGKYLFNWAVKTKLKLTPIPAASRLDLSGWFVAGYSGGDIYHSLSRARPRWFMLCLLLLSVGVGIYLLPNR,Cc1ccc2c(c1)c(-c1ccc[nH]c1=O)c(C(=O)NS(=O)(=O)C(C)C)n2Cc1cc([N+](=O)[O-])ccc1F,8.397940008672037
SMSYTWTGALITPCAAEESKLPINALSNSLLRHHNMVYATTSRSAGLRQKKVTFDRLQVLDDHYRDVLKEMKAKASTVKAKLLSVEEACKLTPPHSAKSKFGYGAKDVRNLSSKAVNHIHSVWKDLLEDTVTPIDTTIMAKNEVFCVQPEKGGRKPARLIVFPDLGVRVCEKMALYDVVSTLPQVVMGSSYGFQYSPGQRVEFLVNTWKSKKNPMGFSYDTRCFDSTVTENDIRVEESIYQCCDLAPEARQAIKSLTERLYIGGPLTNSKGQNCGYRRCRASGVLTTSCGNTLTCYLKASAACRAAKLQDCTMLVNGDDLVVICESAGTQEDAASLRVFTEAMTRYSAPPGDPPQPEYDLELITSCSSNVSVAHDASGKRVYYLTRDPTTPLARAAWETARHTPVNSWLGNIIMYAPTLWARMILMTHFFSILLAQEQLEKALDCQIYGACYSIEPLDLPQIIERLHGLSAFSLHSYSPGEINRVASCLRKLGVPPLRVWRHRARSVRARLLSQGGRAATCGKYLFNWAVKTKLKLTPIPAASRLDLSGWFVAGYSGGDIYHSLSRARPRWFMLCLLLLSVGVGIYLLPNR,Cc1ccc2c(c1)c(-c1ccc[nH]c1=O)c(C(=O)NS(=O)(=O)C1CC1)n2Cc1cc(C(N)=O)ccc1F,8.397940008672037
SMSYTWTGALITPCAAEESKLPINALSNSLLRHHNMVYATTSRSAGLRQKKVTFDRLQVLDDHYRDVLKEMKAKASTVKAKLLSVEEACKLTPPHSAKSKFGYGAKDVRNLSSKAVNHIHSVWKDLLEDTVTPIDTTIMAKNEVFCVQPEKGGRKPARLIVFPDLGVRVCEKMALYDVVSTLPQVVMGSSYGFQYSPGQRVEFLVNTWKSKKNPMGFSYDTRCFDSTVTENDIRVEESIYQCCDLAPEARQAIKSLTERLYIGGPLTNSKGQNCGYRRCRASGVLTTSCGNTLTCYLKASAACRAAKLQDCTMLVNGDDLVVICESAGTQEDAASLRVFTEAMTRYSAPPGDPPQPEYDLELITSCSSNVSVAHDASGKRVYYLTRDPTTPLARAAWETARHTPVNSWLGNIIMYAPTLWARMILMTHFFSILLAQEQLEKALDCQIYGACYSIEPLDLPQIIERLHGLSAFSLHSYSPGEINRVASCLRKLGVPPLRVWRHRARSVRARLLSQGGRAATCGKYLFNWAVKTKLKLTPIPAASRLDLSGWFVAGYSGGDIYHSLSRARPRWFMLCLLLLSVGVGIYLLPNR,CCc1ccc2c(c1)c(-c1ccc[nH]c1=O)c(C(=O)NS(=O)(=O)C1CC1)n2Cc1cc([N+](=O)[O-])ccc1F,8.397940008672037
SMSYTWTGALITPCAAEESKLPINALSNSLLRHHNMVYATTSRSAGLRQKKVTFDRLQVLDDHYRDVLKEMKAKASTVKAKLLSVEEACKLTPPHSAKSKFGYGAKDVRNLSSKAVNHIHSVWKDLLEDTVTPIDTTIMAKNEVFCVQPEKGGRKPARLIVFPDLGVRVCEKMALYDVVSTLPQVVMGSSYGFQYSPGQRVEFLVNTWKSKKNPMGFSYDTRCFDSTVTENDIRVEESIYQCCDLAPEARQAIKSLTERLYIGGPLTNSKGQNCGYRRCRASGVLTTSCGNTLTCYLKASAACRAAKLQDCTMLVNGDDLVVICESAGTQEDAASLRVFTEAMTRYSAPPGDPPQPEYDLELITSCSSNVSVAHDASGKRVYYLTRDPTTPLARAAWETARHTPVNSWLGNIIMYAPTLWARMILMTHFFSILLAQEQLEKALDCQIYGACYSIEPLDLPQIIERLHGLSAFSLHSYSPGEINRVASCLRKLGVPPLRVWRHRARSVRARLLSQGGRAATCGKYLFNWAVKTKLKLTPIPAASRLDLSGWFVAGYSGGDIYHSLSRARPRWFMLCLLLLSVGVGIYLLPNR,Cc1ccc2c(c1)c(-c1ccc[nH]c1=O)c(C(=O)NS(=O)(=O)C1CC1)n2Cc1cccc(C)c1F,8.397940008672037
SMSYTWTGALITPCAAEESKLPINALSNSLLRHHNMVYATTSRSAGLRQKKVTFDRLQVLDDHYRDVLKEMKAKASTVKAKLLSVEEACKLTPPHSAKSKFGYGAKDVRNLSSKAVNHIHSVWKDLLEDTVTPIDTTIMAKNEVFCVQPEKGGRKPARLIVFPDLGVRVCEKMALYDVVSTLPQVVMGSSYGFQYSPGQRVEFLVNTWKSKKNPMGFSYDTRCFDSTVTENDIRVEESIYQCCDLAPEARQAIKSLTERLYIGGPLTNSKGQNCGYRRCRASGVLTTSCGNTLTCYLKASAACRAAKLQDCTMLVNGDDLVVICESAGTQEDAASLRVFTEAMTRYSAPPGDPPQPEYDLELITSCSSNVSVAHDASGKRVYYLTRDPTTPLARAAWETARHTPVNSWLGNIIMYAPTLWARMILMTHFFSILLAQEQLEKALDCQIYGACYSIEPLDLPQIIERLHGLSAFSLHSYSPGEINRVASCLRKLGVPPLRVWRHRARSVRARLLSQGGRAATCGKYLFNWAVKTKLKLTPIPAASRLDLSGWFVAGYSGGDIYHSLSRARPRWFMLCLLLLSVGVGIYLLPNR,O=C(NS(=O)(=O)C1CC1)c1c(-c2ccc[nH]c2=O)c2ccccc2n1Cc1cc([N+](=O)[O-])ccc1F,8.397940008672037
SMSYTWTGALITPCAAEESKLPINALSNSLLRHHNMVYATTSRSAGLRQKKVTFDRLQVLDDHYRDVLKEMKAKASTVKAKLLSVEEACKLTPPHSAKSKFGYGAKDVRNLSSKAVNHIHSVWKDLLEDTVTPIDTTIMAKNEVFCVQPEKGGRKPARLIVFPDLGVRVCEKMALYDVVSTLPQVVMGSSYGFQYSPGQRVEFLVNTWKSKKNPMGFSYDTRCFDSTVTENDIRVEESIYQCCDLAPEARQAIKSLTERLYIGGPLTNSKGQNCGYRRCRASGVLTTSCGNTLTCYLKASAACRAAKLQDCTMLVNGDDLVVICESAGTQEDAASLRVFTEAMTRYSAPPGDPPQPEYDLELITSCSSNVSVAHDASGKRVYYLTRDPTTPLARAAWETARHTPVNSWLGNIIMYAPTLWARMILMTHFFSILLAQEQLEKALDCQIYGACYSIEPLDLPQIIERLHGLSAFSLHSYSPGEINRVASCLRKLGVPPLRVWRHRARSVRARLLSQGGRAATCGKYLFNWAVKTKLKLTPIPAASRLDLSGWFVAGYSGGDIYHSLSRARPRWFMLCLLLLSVGVGIYLLPNR,Cc1ccc2c(c1)c(-c1ccc[nH]c1=O)c(C(=O)NS(=O)(=O)C1CC1)n2Cc1ccccc1F,8.301029995663981
SMSYTWTGALITPCAAEESKLPINALSNSLLRHHNMVYATTSRSAGLRQKKVTFDRLQVLDDHYRDVLKEMKAKASTVKAKLLSVEEACKLTPPHSAKSKFGYGAKDVRNLSSKAVNHIHSVWKDLLEDTVTPIDTTIMAKNEVFCVQPEKGGRKPARLIVFPDLGVRVCEKMALYDVVSTLPQVVMGSSYGFQYSPGQRVEFLVNTWKSKKNPMGFSYDTRCFDSTVTENDIRVEESIYQCCDLAPEARQAIKSLTERLYIGGPLTNSKGQNCGYRRCRASGVLTTSCGNTLTCYLKASAACRAAKLQDCTMLVNGDDLVVICESAGTQEDAASLRVFTEAMTRYSAPPGDPPQPEYDLELITSCSSNVSVAHDASGKRVYYLTRDPTTPLARAAWETARHTPVNSWLGNIIMYAPTLWARMILMTHFFSILLAQEQLEKALDCQIYGACYSIEPLDLPQIIERLHGLSAFSLHSYSPGEINRVASCLRKLGVPPLRVWRHRARSVRARLLSQGGRAATCGKYLFNWAVKTKLKLTPIPAASRLDLSGWFVAGYSGGDIYHSLSRARPRWFMLCLLLLSVGVGIYLLPNR,O=C(NS(=O)(=O)C1CC1)c1c(-c2ccc[nH]c2=O)c2cc(F)ccc2n1Cc1cc([N+](=O)[O-])ccc1F,8.301029995663981
SMSYTWTGALITPCAAEESKLPINALSNSLLRHHNMVYATTSRSAGLRQKKVTFDRLQVLDDHYRDVLKEMKAKASTVKAKLLSVEEACKLTPPHSAKSKFGYGAKDVRNLSSKAVNHIHSVWKDLLEDTVTPIDTTIMAKNEVFCVQPEKGGRKPARLIVFPDLGVRVCEKMALYDVVSTLPQVVMGSSYGFQYSPGQRVEFLVNTWKSKKNPMGFSYDTRCFDSTVTENDIRVEESIYQCCDLAPEARQAIKSLTERLYIGGPLTNSKGQNCGYRRCRASGVLTTSCGNTLTCYLKASAACRAAKLQDCTMLVNGDDLVVICESAGTQEDAASLRVFTEAMTRYSAPPGDPPQPEYDLELITSCSSNVSVAHDASGKRVYYLTRDPTTPLARAAWETARHTPVNSWLGNIIMYAPTLWARMILMTHFFSILLAQEQLEKALDCQIYGACYSIEPLDLPQIIERLHGLSAFSLHSYSPGEINRVASCLRKLGVPPLRVWRHRARSVRARLLSQGGRAATCGKYLFNWAVKTKLKLTPIPAASRLDLSGWFVAGYSGGDIYHSLSRARPRWFMLCLLLLSVGVGIYLLPNR,CCc1ccc2c(c1)c(-c1ccc[nH]c1=O)c(C(=O)O)n2Cc1cc([N+](=O)[O-])ccc1F,8.301029995663981
SMSYTWTGALITPCAAEESKLPINALSNSLLRHHNMVYATTSRSAGLRQKKVTFDRLQVLDDHYRDVLKEMKAKASTVKAKLLSVEEACKLTPPHSAKSKFGYGAKDVRNLSSKAVNHIHSVWKDLLEDTVTPIDTTIMAKNEVFCVQPEKGGRKPARLIVFPDLGVRVCEKMALYDVVSTLPQVVMGSSYGFQYSPGQRVEFLVNTWKSKKNPMGFSYDTRCFDSTVTENDIRVEESIYQCCDLAPEARQAIKSLTERLYIGGPLTNSKGQNCGYRRCRASGVLTTSCGNTLTCYLKASAACRAAKLQDCTMLVNGDDLVVICESAGTQEDAASLRVFTEAMTRYSAPPGDPPQPEYDLELITSCSSNVSVAHDASGKRVYYLTRDPTTPLARAAWETARHTPVNSWLGNIIMYAPTLWARMILMTHFFSILLAQEQLEKALDCQIYGACYSIEPLDLPQIIERLHGLSAFSLHSYSPGEINRVASCLRKLGVPPLRVWRHRARSVRARLLSQGGRAATCGKYLFNWAVKTKLKLTPIPAASRLDLSGWFVAGYSGGDIYHSLSRARPRWFMLCLLLLSVGVGIYLLPNR,Cc1ccc2c(c1)c(-c1ccc[nH]c1=O)c(C(=O)NS(=O)(=O)C1CC1)n2Cc1cc(S(C)(=O)=O)ccc1F,8.301029995663981
SMSYTWTGALITPCAAEESKLPINALSNSLLRHHNMVYATTSRSAGLRQKKVTFDRLQVLDDHYRDVLKEMKAKASTVKAKLLSVEEACKLTPPHSAKSKFGYGAKDVRNLSSKAVNHIHSVWKDLLEDTVTPIDTTIMAKNEVFCVQPEKGGRKPARLIVFPDLGVRVCEKMALYDVVSTLPQVVMGSSYGFQYSPGQRVEFLVNTWKSKKNPMGFSYDTRCFDSTVTENDIRVEESIYQCCDLAPEARQAIKSLTERLYIGGPLTNSKGQNCGYRRCRASGVLTTSCGNTLTCYLKASAACRAAKLQDCTMLVNGDDLVVICESAGTQEDAASLRVFTEAMTRYSAPPGDPPQPEYDLELITSCSSNVSVAHDASGKRVYYLTRDPTTPLARAAWETARHTPVNSWLGNIIMYAPTLWARMILMTHFFSILLAQEQLEKALDCQIYGACYSIEPLDLPQIIERLHGLSAFSLHSYSPGEINRVASCLRKLGVPPLRVWRHRARSVRARLLSQGGRAATCGKYLFNWAVKTKLKLTPIPAASRLDLSGWFVAGYSGGDIYHSLSRARPRWFMLCLLLLSVGVGIYLLPNR,Cc1ccc2c(c1)c(-c1ccc[nH]c1=O)c(C(=O)NS(=O)(=O)C1CC1)n2Cc1cc(S(N)(=O)=O)ccc1F,8.301029995663981
SMSYTWTGALITPCAAEESKLPINALSNSLLRHHNMVYATTSRSAGLRQKKVTFDRLQVLDDHYRDVLKEMKAKASTVKAKLLSVEEACKLTPPHSAKSKFGYGAKDVRNLSSKAVNHIHSVWKDLLEDTVTPIDTTIMAKNEVFCVQPEKGGRKPARLIVFPDLGVRVCEKMALYDVVSTLPQVVMGSSYGFQYSPGQRVEFLVNTWKSKKNPMGFSYDTRCFDSTVTENDIRVEESIYQCCDLAPEARQAIKSLTERLYIGGPLTNSKGQNCGYRRCRASGVLTTSCGNTLTCYLKASAACRAAKLQDCTMLVNGDDLVVICESAGTQEDAASLRVFTEAMTRYSAPPGDPPQPEYDLELITSCSSNVSVAHDASGKRVYYLTRDPTTPLARAAWETARHTPVNSWLGNIIMYAPTLWARMILMTHFFSILLAQEQLEKALDCQIYGACYSIEPLDLPQIIERLHGLSAFSLHSYSPGEINRVASCLRKLGVPPLRVWRHRARSVRARLLSQGGRAATCGKYLFNWAVKTKLKLTPIPAASRLDLSGWFVAGYSGGDIYHSLSRARPRWFMLCLLLLSVGVGIYLLPNR,Cc1ccc2c(c1)c(-c1ccc[nH]c1=O)c(C(=O)NS(=O)(=O)N(C)C)n2Cc1cc([N+](=O)[O-])ccc1F,8.301029995663981
MSGRPRTTSFAESCKPVQQPSAFGSMKVSRDKDGSKVTTVVATPGQGPDRPQEVSYTDTKVIGNGSFGVVYQAKLCDSGELVAIKKVLQDKRFKNRELQIMRKLDHCNIVRLRYFFYSSGEKKDEVYLNLVLDYVPETVYRVARHYSRAKQTLPVIYVKLYMYQLFRSLAYIHSFGICHRDIKPQNLLLDPDTAVLKLCDFGSAKQLVRGEPNVSYICSRYYRAPELIFGATDYTSSIDVWSAGCVLAELLLGQPIFPGDSGVDQLVEIIKVLGTPTREQIREMNPNYTEFKFPQIKAHPWTKVFRPRTPPEAIALCSRLLEYTPTARLTPLEACAHSFFDELRDPNVKLPNGRDTPALFNFTTQELSSNPPLATILIPPHARIQAAASTPTNATAASDANTGDRGQTNNAASASASNST,Cn1cc(C2=C(C(=O)CBr)C(=O)NC2=O)c2ccccc21,8.301029995663981
MSGESARSLGKGSAPPGPVPEGSIRIYSMRFCPFAERTRLVLKAKGIRHEVININLKNKPEWFFKKNPFGLVPVLENSQGQLIYESAITCEYLDEAYPGKKLLPDDPYEKACQKMILELFSKVPSLVGSFIRSQNKEDYAGLKEEFRKEFTKLEEVLTNKKTTFFGGNSISMIDYLIWPWFERLEAMKLNECVDHTPKLKLWMAAMKEDPTVSALLTSEKDWQGFLELYLQNSPEACDYGL,Cc1cc(CN(C(=O)CCl)c2nc(-c3ccccc3O)cs2)on1,8.2518119729938
MRLLLALLGVLLSVPGPPVLSLEASEEVELEPCLAPSLEQQEQELTVALGQPVRLCCGRAERGGHWYKEGSRLAPAGRVRGWRGRLEIASFLPEDAGRYLCLARGSMIVLQNLTLITGDSLTSSNDDEDPKSHRDPSNRHSYPQQAPYWTHPQRMEKKLHAVPAGNTVKFRCPAAGNPTPTIRWLKDGQAFHGENRIGGIRLRHQHWSLVMESVVPSDRGTYTCLVENAVGSIRYNYLLDVLERSPHRPILQAGLPANTTAVVGSDVELLCKVYSDAQPHIQWLKHIVINGSSFGADGFPYVQVLKTADINSSEVEVLYLRNVSAEDAGEYTCLAGNSIGLSYQSAWLTVLPEEDPTWTAAAPEARYTDIILYASGSLALAVLLLLAGLYRGQALHGRHPRPPATVQKLSRFPLARQFSLESGSSGKSSSSLVRGVRLSSSGPALLAGLVSLDLPLDPLWEFPRDRLVLGKPLGEGCFGQVVRAEAFGMDPARPDQASTVAVKMLKDNASDKDLADLVSEMEVMKLIGRHKNIINLLGVCTQEGPLYVIVECAAKGNLREFLRARRPPGPDLSPDGPRSSEGPLSFPVLVSCAYQVARGMQYLESRKCIHRDLAARNVLVTEDNVMKIADFGLARGVHHIDYYKKTSNGRLPVKWMAPEALFDRVYTHQSDVWSFGILLWEIFTLGGSPYPGIPVEELFSLLREGHRMDRPPHCPPELYGLMRECWHAAPSQRPTFKQLVEALDKVLLAVSEEYLDLRLTFGPYSPSGGDASSTCSSSDSVFSHDPLPLGSSSFPFGSGVQT,COc1cccc(-c2ccc3c(NC(=O)c4cccc(NC(=O)CCl)c4)n[nH]c3c2)c1F,8.2518119729938
SMSYTWTGALITPCAAEESKLPINALSNSLLRHHNMVYATTSRSAGLRQKKVTFDRLQVLDDHYRDVLKEMKAKASTVKAKLLSVEEACKLTPPHSAKSKFGYGAKDVRNLSSKAVNHIHSVWKDLLEDTVTPIDTTIMAKNEVFCVQPEKGGRKPARLIVFPDLGVRVCEKMALYDVVSTLPQVVMGSSYGFQYSPGQRVEFLVNTWKSKKNPMGFSYDTRCFDSTVTENDIRVEESIYQCCDLAPEARQAIKSLTERLYIGGPLTNSKGQNCGYRRCRASGVLTTSCGNTLTCYLKASAACRAAKLQDCTMLVNGDDLVVICESAGTQEDAASLRVFTEAMTRYSAPPGDPPQPEYDLELITSCSSNVSVAHDASGKRVYYLTRDPTTPLARAAWETARHTPVNSWLGNIIMYAPTLWARMILMTHFFSILLAQEQLEKALDCQIYGACYSIEPLDLPQIIERLHGLSAFSLHSYSPGEINRVASCLRKLGVPPLRVWRHRARSVRARLLSQGGRAATCGKYLFNWAVKTKLKLTPIPAASRLDLSGWFVAGYSGGDIYHSLSRARPRWFMLCLLLLSVGVGIYLLPNR,CC(C)(C)c1ccc2c(c1)c(-c1ccc[nH]c1=O)c(C(=O)NS(=O)(=O)C1CC1)n2Cc1cc([N+](=O)[O-])ccc1F,8.221848749616356
SMSYTWTGALITPCAAEESKLPINALSNSLLRHHNMVYATTSRSAGLRQKKVTFDRLQVLDDHYRDVLKEMKAKASTVKAKLLSVEEACKLTPPHSAKSKFGYGAKDVRNLSSKAVNHIHSVWKDLLEDTVTPIDTTIMAKNEVFCVQPEKGGRKPARLIVFPDLGVRVCEKMALYDVVSTLPQVVMGSSYGFQYSPGQRVEFLVNTWKSKKNPMGFSYDTRCFDSTVTENDIRVEESIYQCCDLAPEARQAIKSLTERLYIGGPLTNSKGQNCGYRRCRASGVLTTSCGNTLTCYLKASAACRAAKLQDCTMLVNGDDLVVICESAGTQEDAASLRVFTEAMTRYSAPPGDPPQPEYDLELITSCSSNVSVAHDASGKRVYYLTRDPTTPLARAAWETARHTPVNSWLGNIIMYAPTLWARMILMTHFFSILLAQEQLEKALDCQIYGACYSIEPLDLPQIIERLHGLSAFSLHSYSPGEINRVASCLRKLGVPPLRVWRHRARSVRARLLSQGGRAATCGKYLFNWAVKTKLKLTPIPAASRLDLSGWFVAGYSGGDIYHSLSRARPRWFMLCLLLLSVGVGIYLLPNR,Cc1ccc2c(c1)c(-c1ccc[nH]c1=O)c(C(=O)NS(=O)(=O)C1CC1)n2Cc1cc(F)ccc1F,8.221848749616356
SMSYTWTGALITPCAAEESKLPINALSNSLLRHHNMVYATTSRSAGLRQKKVTFDRLQVLDDHYRDVLKEMKAKASTVKAKLLSVEEACKLTPPHSAKSKFGYGAKDVRNLSSKAVNHIHSVWKDLLEDTVTPIDTTIMAKNEVFCVQPEKGGRKPARLIVFPDLGVRVCEKMALYDVVSTLPQVVMGSSYGFQYSPGQRVEFLVNTWKSKKNPMGFSYDTRCFDSTVTENDIRVEESIYQCCDLAPEARQAIKSLTERLYIGGPLTNSKGQNCGYRRCRASGVLTTSCGNTLTCYLKASAACRAAKLQDCTMLVNGDDLVVICESAGTQEDAASLRVFTEAMTRYSAPPGDPPQPEYDLELITSCSSNVSVAHDASGKRVYYLTRDPTTPLARAAWETARHTPVNSWLGNIIMYAPTLWARMILMTHFFSILLAQEQLEKALDCQIYGACYSIEPLDLPQIIERLHGLSAFSLHSYSPGEINRVASCLRKLGVPPLRVWRHRARSVRARLLSQGGRAATCGKYLFNWAVKTKLKLTPIPAASRLDLSGWFVAGYSGGDIYHSLSRARPRWFMLCLLLLSVGVGIYLLPNR,Cc1ccc2c(c1)c(-c1ccc[nH]c1=O)c(C(=O)NS(C)(=O)=O)n2Cc1cc([N+](=O)[O-])ccc1F,8.221848749616356
SMSYTWTGALITPCAAEESKLPINALSNSLLRHHNMVYATTSRSAGLRQKKVTFDRLQVLDDHYRDVLKEMKAKASTVKAKLLSVEEACKLTPPHSAKSKFGYGAKDVRNLSSKAVNHIHSVWKDLLEDTVTPIDTTIMAKNEVFCVQPEKGGRKPARLIVFPDLGVRVCEKMALYDVVSTLPQVVMGSSYGFQYSPGQRVEFLVNTWKSKKNPMGFSYDTRCFDSTVTENDIRVEESIYQCCDLAPEARQAIKSLTERLYIGGPLTNSKGQNCGYRRCRASGVLTTSCGNTLTCYLKASAACRAAKLQDCTMLVNGDDLVVICESAGTQEDAASLRVFTEAMTRYSAPPGDPPQPEYDLELITSCSSNVSVAHDASGKRVYYLTRDPTTPLARAAWETARHTPVNSWLGNIIMYAPTLWARMILMTHFFSILLAQEQLEKALDCQIYGACYSIEPLDLPQIIERLHGLSAFSLHSYSPGEINRVASCLRKLGVPPLRVWRHRARSVRARLLSQGGRAATCGKYLFNWAVKTKLKLTPIPAASRLDLSGWFVAGYSGGDIYHSLSRARPRWFMLCLLLLSVGVGIYLLPNR,Cc1ccc2c(c1)c(-c1ccc[nH]c1=O)c(C(=O)NS(=O)(=O)C1CC1)n2Cc1cc([N+](=O)[O-])ccc1F,8.221848749616356
SMSYTWTGALITPCAAEESKLPINALSNSLLRHHNMVYATTSRSAGLRQKKVTFDRLQVLDDHYRDVLKEMKAKASTVKAKLLSVEEACKLTPPHSAKSKFGYGAKDVRNLSSKAVNHIHSVWKDLLEDTVTPIDTTIMAKNEVFCVQPEKGGRKPARLIVFPDLGVRVCEKMALYDVVSTLPQVVMGSSYGFQYSPGQRVEFLVNTWKSKKNPMGFSYDTRCFDSTVTENDIRVEESIYQCCDLAPEARQAIKSLTERLYIGGPLTNSKGQNCGYRRCRASGVLTTSCGNTLTCYLKASAACRAAKLQDCTMLVNGDDLVVICESAGTQEDAASLRVFTEAMTRYSAPPGDPPQPEYDLELITSCSSNVSVAHDASGKRVYYLTRDPTTPLARAAWETARHTPVNSWLGNIIMYAPTLWARMILMTHFFSILLAQEQLEKALDCQIYGACYSIEPLDLPQIIERLHGLSAFSLHSYSPGEINRVASCLRKLGVPPLRVWRHRARSVRARLLSQGGRAATCGKYLFNWAVKTKLKLTPIPAASRLDLSGWFVAGYSGGDIYHSLSRARPRWFMLCLLLLSVGVGIYLLPNR,O=C(NS(=O)(=O)C1CC1)c1c(-c2ccc[nH]c2=O)c2cc(Cl)ccc2n1Cc1cc([N+](=O)[O-])ccc1F,8.221848749616356
SMSYTWTGALITPCAAEESKLPINALSNSLLRHHNMVYATTSRSAGLRQKKVTFDRLQVLDDHYRDVLKEMKAKASTVKAKLLSVEEACKLTPPHSAKSKFGYGAKDVRNLSSKAVNHIHSVWKDLLEDTVTPIDTTIMAKNEVFCVQPEKGGRKPARLIVFPDLGVRVCEKMALYDVVSTLPQVVMGSSYGFQYSPGQRVEFLVNTWKSKKNPMGFSYDTRCFDSTVTENDIRVEESIYQCCDLAPEARQAIKSLTERLYIGGPLTNSKGQNCGYRRCRASGVLTTSCGNTLTCYLKASAACRAAKLQDCTMLVNGDDLVVICESAGTQEDAASLRVFTEAMTRYSAPPGDPPQPEYDLELITSCSSNVSVAHDASGKRVYYLTRDPTTPLARAAWETARHTPVNSWLGNIIMYAPTLWARMILMTHFFSILLAQEQLEKALDCQIYGACYSIEPLDLPQIIERLHGLSAFSLHSYSPGEINRVASCLRKLGVPPLRVWRHRARSVRARLLSQGGRAATCGKYLFNWAVKTKLKLTPIPAASRLDLSGWFVAGYSGGDIYHSLSRARPRWFMLCLLLLSVGVGIYLLPNR,Cc1ccc2c(c1)c(-c1ccc(C)[nH]c1=O)c(C(=O)NS(C)(=O)=O)n2Cc1cc([N+](=O)[O-])ccc1F,8.221848749616356
SMSYTWTGALITPCAAEESKLPINALSNSLLRHHNMVYATTSRSAGLRQKKVTFDRLQVLDDHYRDVLKEMKAKASTVKAKLLSVEEACKLTPPHSAKSKFGYGAKDVRNLSSKAVNHIHSVWKDLLEDTVTPIDTTIMAKNEVFCVQPEKGGRKPARLIVFPDLGVRVCEKMALYDVVSTLPQVVMGSSYGFQYSPGQRVEFLVNTWKSKKNPMGFSYDTRCFDSTVTENDIRVEESIYQCCDLAPEARQAIKSLTERLYIGGPLTNSKGQNCGYRRCRASGVLTTSCGNTLTCYLKASAACRAAKLQDCTMLVNGDDLVVICESAGTQEDAASLRVFTEAMTRYSAPPGDPPQPEYDLELITSCSSNVSVAHDASGKRVYYLTRDPTTPLARAAWETARHTPVNSWLGNIIMYAPTLWARMILMTHFFSILLAQEQLEKALDCQIYGACYSIEPLDLPQIIERLHGLSAFSLHSYSPGEINRVASCLRKLGVPPLRVWRHRARSVRARLLSQGGRAATCGKYLFNWAVKTKLKLTPIPAASRLDLSGWFVAGYSGGDIYHSLSRARPRWFMLCLLLLSVGVGIYLLPNR,CCc1ccc2c(c1)c(-c1ccc[nH]c1=O)c(C(=O)NS(=O)(=O)C1CC1)n2Cc1cc(S(N)(=O)=O)c(Cl)cc1Cl,8.221848749616356
MRLLLALLGVLLSVPGPPVLSLEASEEVELEPCLAPSLEQQEQELTVALGQPVRLCCGRAERGGHWYKEGSRLAPAGRVRGWRGRLEIASFLPEDAGRYLCLARGSMIVLQNLTLITGDSLTSSNDDEDPKSHRDPSNRHSYPQQAPYWTHPQRMEKKLHAVPAGNTVKFRCPAAGNPTPTIRWLKDGQAFHGENRIGGIRLRHQHWSLVMESVVPSDRGTYTCLVENAVGSIRYNYLLDVLERSPHRPILQAGLPANTTAVVGSDVELLCKVYSDAQPHIQWLKHIVINGSSFGADGFPYVQVLKTADINSSEVEVLYLRNVSAEDAGEYTCLAGNSIGLSYQSAWLTVLPEEDPTWTAAAPEARYTDIILYASGSLALAVLLLLAGLYRGQALHGRHPRPPATVQKLSRFPLARQFSLESGSSGKSSSSLVRGVRLSSSGPALLAGLVSLDLPLDPLWEFPRDRLVLGKPLGEGCFGQVVRAEAFGMDPARPDQASTVAVKMLKDNASDKDLADLVSEMEVMKLIGRHKNIINLLGVCTQEGPLYVIVECAAKGNLREFLRARRPPGPDLSPDGPRSSEGPLSFPVLVSCAYQVARGMQYLESRKCIHRDLAARNVLVTEDNVMKIADFGLARGVHHIDYYKKTSNGRLPVKWMAPEALFDRVYTHQSDVWSFGILLWEIFTLGGSPYPGIPVEELFSLLREGHRMDRPPHCPPELYGLMRECWHAAPSQRPTFKQLVEALDKVLLAVSEEYLDLRLTFGPYSPSGGDASSTCSSSDSVFSHDPLPLGSSSFPFGSGVQT,COc1ccc(F)c(-c2ccc3c(NC(=O)c4cccc(NC(=O)CCl)c4)n[nH]c3c2)c1,8.167491087293763
SMSYTWTGALITPCAAEESKLPINALSNSLLRHHNMVYATTSRSAGLRQKKVTFDRLQVLDDHYRDVLKEMKAKASTVKAKLLSVEEACKLTPPHSAKSKFGYGAKDVRNLSSKAVNHIHSVWKDLLEDTVTPIDTTIMAKNEVFCVQPEKGGRKPARLIVFPDLGVRVCEKMALYDVVSTLPQVVMGSSYGFQYSPGQRVEFLVNTWKSKKNPMGFSYDTRCFDSTVTENDIRVEESIYQCCDLAPEARQAIKSLTERLYIGGPLTNSKGQNCGYRRCRASGVLTTSCGNTLTCYLKASAACRAAKLQDCTMLVNGDDLVVICESAGTQEDAASLRVFTEAMTRYSAPPGDPPQPEYDLELITSCSSNVSVAHDASGKRVYYLTRDPTTPLARAAWETARHTPVNSWLGNIIMYAPTLWARMILMTHFFSILLAQEQLEKALDCQIYGACYSIEPLDLPQIIERLHGLSAFSLHSYSPGEINRVASCLRKLGVPPLRVWRHRARSVRARLLSQGGRAATCGKYLFNWAVKTKLKLTPIPAASRLDLSGWFVAGYSGGDIYHSLSRARPRWFMLCLLLLSVGVGIYLLPNR,Cc1cc2c(-c3ccc[nH]c3=O)c(C(=O)NS(=O)(=O)C3CC3)n(Cc3cc([N+](=O)[O-])ccc3F)c2cc1F,8.154901959985743
SMSYTWTGALITPCAAEESKLPINALSNSLLRHHNMVYATTSRSAGLRQKKVTFDRLQVLDDHYRDVLKEMKAKASTVKAKLLSVEEACKLTPPHSAKSKFGYGAKDVRNLSSKAVNHIHSVWKDLLEDTVTPIDTTIMAKNEVFCVQPEKGGRKPARLIVFPDLGVRVCEKMALYDVVSTLPQVVMGSSYGFQYSPGQRVEFLVNTWKSKKNPMGFSYDTRCFDSTVTENDIRVEESIYQCCDLAPEARQAIKSLTERLYIGGPLTNSKGQNCGYRRCRASGVLTTSCGNTLTCYLKASAACRAAKLQDCTMLVNGDDLVVICESAGTQEDAASLRVFTEAMTRYSAPPGDPPQPEYDLELITSCSSNVSVAHDASGKRVYYLTRDPTTPLARAAWETARHTPVNSWLGNIIMYAPTLWARMILMTHFFSILLAQEQLEKALDCQIYGACYSIEPLDLPQIIERLHGLSAFSLHSYSPGEINRVASCLRKLGVPPLRVWRHRARSVRARLLSQGGRAATCGKYLFNWAVKTKLKLTPIPAASRLDLSGWFVAGYSGGDIYHSLSRARPRWFMLCLLLLSVGVGIYLLPNR,Cc1ccc2c(c1)c(-c1ccc[nH]c1=O)c(C(=O)NS(=O)(=O)C1CC1)n2Cc1cc([N+](=O)[O-])ccc1Cl,8.154901959985743
SMSYTWTGALITPCAAEESKLPINALSNSLLRHHNMVYATTSRSAGLRQKKVTFDRLQVLDDHYRDVLKEMKAKASTVKAKLLSVEEACKLTPPHSAKSKFGYGAKDVRNLSSKAVNHIHSVWKDLLEDTVTPIDTTIMAKNEVFCVQPEKGGRKPARLIVFPDLGVRVCEKMALYDVVSTLPQVVMGSSYGFQYSPGQRVEFLVNTWKSKKNPMGFSYDTRCFDSTVTENDIRVEESIYQCCDLAPEARQAIKSLTERLYIGGPLTNSKGQNCGYRRCRASGVLTTSCGNTLTCYLKASAACRAAKLQDCTMLVNGDDLVVICESAGTQEDAASLRVFTEAMTRYSAPPGDPPQPEYDLELITSCSSNVSVAHDASGKRVYYLTRDPTTPLARAAWETARHTPVNSWLGNIIMYAPTLWARMILMTHFFSILLAQEQLEKALDCQIYGACYSIEPLDLPQIIERLHGLSAFSLHSYSPGEINRVASCLRKLGVPPLRVWRHRARSVRARLLSQGGRAATCGKYLFNWAVKTKLKLTPIPAASRLDLSGWFVAGYSGGDIYHSLSRARPRWFMLCLLLLSVGVGIYLLPNR,Cc1ccc2c(c1)c(-c1ccc[nH]c1=O)c(C(=O)NS(=O)C(C)C)n2Cc1cc([N+](=O)[O-])ccc1F,8.154901959985743
MELENIVANTVLLKAREGGGGKRKGKSKKWKEILKFPHISQCEDLRRTIDRDYCSLCDKQPIGRLLFRQFCETRPGLECYIQFLDSVAEYEVTPDEKLGEKGKEIMTKYLTPKSPVFIAQVGQDLVSQTEEKLLQKPCKELFSACAQSVHEYLRGEPFHEYLDSMFFDRFLQWKWLERQPVTKNTFRQYRVLGKGGFGEVCACQVRATGKMYACKRLEKKRIKKRKGESMALNEKQILEKVNSQFVVNLAYAYETKDALCLVLTIMNGGDLKFHIYNMGNPGFEEERALFYAAEILCGLEDLHRENTVYRDLKPENILLDDYGHIRISDLGLAVKIPEGDLIRGRVGTVGYMAPEVLNNQRYGLSPDYWGLGCLIYEMIEGQSPFRGRKEKVKREEVDRRVLETEEVYSHKFSEEAKSICKMLLTKDAKQRLGCQEEGAAEVKRHPFFRNMNFKRLEAGMLDPPFVPDPRAVYCKDVLDIEQFSTVKGVNLDHTDDDFYSKFSTGSVSIPWQNEMIETECFKELNVFGPNGTLPPDLNRNHPPEPPKKGLLQRLFKRQHQNNSKSSPSSKTSFNHHINSNHVSSNSTGSS,Cc1[nH]c(/C=C2\C(=O)Nc3ccc(C(=O)N[C@H](C)c4ccccc4)cc32)c(C)c1NC(=O)CBr,8.065501548756432
MRLLLALLGVLLSVPGPPVLSLEASEEVELEPCLAPSLEQQEQELTVALGQPVRLCCGRAERGGHWYKEGSRLAPAGRVRGWRGRLEIASFLPEDAGRYLCLARGSMIVLQNLTLITGDSLTSSNDDEDPKSHRDPSNRHSYPQQAPYWTHPQRMEKKLHAVPAGNTVKFRCPAAGNPTPTIRWLKDGQAFHGENRIGGIRLRHQHWSLVMESVVPSDRGTYTCLVENAVGSIRYNYLLDVLERSPHRPILQAGLPANTTAVVGSDVELLCKVYSDAQPHIQWLKHIVINGSSFGADGFPYVQVLKTADINSSEVEVLYLRNVSAEDAGEYTCLAGNSIGLSYQSAWLTVLPEEDPTWTAAAPEARYTDIILYASGSLALAVLLLLAGLYRGQALHGRHPRPPATVQKLSRFPLARQFSLESGSSGKSSSSLVRGVRLSSSGPALLAGLVSLDLPLDPLWEFPRDRLVLGKPLGEGCFGQVVRAEAFGMDPARPDQASTVAVKMLKDNASDKDLADLVSEMEVMKLIGRHKNIINLLGVCTQEGPLYVIVECAAKGNLREFLRARRPPGPDLSPDGPRSSEGPLSFPVLVSCAYQVARGMQYLESRKCIHRDLAARNVLVTEDNVMKIADFGLARGVHHIDYYKKTSNGRLPVKWMAPEALFDRVYTHQSDVWSFGILLWEIFTLGGSPYPGIPVEELFSLLREGHRMDRPPHCPPELYGLMRECWHAAPSQRPTFKQLVEALDKVLLAVSEEYLDLRLTFGPYSPSGGDASSTCSSSDSVFSHDPLPLGSSSFPFGSGVQT,COc1cc(OC)cc(-c2ccc3c(NC(=O)c4cccc(NC(=O)CCl)c4)n[nH]c3c2)c1,8.065501548756432
SMSYTWTGALITPCAAEESKLPINALSNSLLRHHNMVYATTSRSAGLRQKKVTFDRLQVLDDHYRDVLKEMKAKASTVKAKLLSVEEACKLTPPHSAKSKFGYGAKDVRNLSSKAVNHIHSVWKDLLEDTVTPIDTTIMAKNEVFCVQPEKGGRKPARLIVFPDLGVRVCEKMALYDVVSTLPQVVMGSSYGFQYSPGQRVEFLVNTWKSKKNPMGFSYDTRCFDSTVTENDIRVEESIYQCCDLAPEARQAIKSLTERLYIGGPLTNSKGQNCGYRRCRASGVLTTSCGNTLTCYLKASAACRAAKLQDCTMLVNGDDLVVICESAGTQEDAASLRVFTEAMTRYSAPPGDPPQPEYDLELITSCSSNVSVAHDASGKRVYYLTRDPTTPLARAAWETARHTPVNSWLGNIIMYAPTLWARMILMTHFFSILLAQEQLEKALDCQIYGACYSIEPLDLPQIIERLHGLSAFSLHSYSPGEINRVASCLRKLGVPPLRVWRHRARSVRARLLSQGGRAATCGKYLFNWAVKTKLKLTPIPAASRLDLSGWFVAGYSGGDIYHSLSRARPRWFMLCLLLLSVGVGIYLLPNR,Cc1ccc2c(c1)c(-c1ccc[nH]c1=O)c(C(=O)NS(=O)(=O)C1CC1)n2Cc1cc(C#N)ccc1F,8.045757490560675
SMSYTWTGALITPCAAEESKLPINALSNSLLRHHNMVYATTSRSAGLRQKKVTFDRLQVLDDHYRDVLKEMKAKASTVKAKLLSVEEACKLTPPHSAKSKFGYGAKDVRNLSSKAVNHIHSVWKDLLEDTVTPIDTTIMAKNEVFCVQPEKGGRKPARLIVFPDLGVRVCEKMALYDVVSTLPQVVMGSSYGFQYSPGQRVEFLVNTWKSKKNPMGFSYDTRCFDSTVTENDIRVEESIYQCCDLAPEARQAIKSLTERLYIGGPLTNSKGQNCGYRRCRASGVLTTSCGNTLTCYLKASAACRAAKLQDCTMLVNGDDLVVICESAGTQEDAASLRVFTEAMTRYSAPPGDPPQPEYDLELITSCSSNVSVAHDASGKRVYYLTRDPTTPLARAAWETARHTPVNSWLGNIIMYAPTLWARMILMTHFFSILLAQEQLEKALDCQIYGACYSIEPLDLPQIIERLHGLSAFSLHSYSPGEINRVASCLRKLGVPPLRVWRHRARSVRARLLSQGGRAATCGKYLFNWAVKTKLKLTPIPAASRLDLSGWFVAGYSGGDIYHSLSRARPRWFMLCLLLLSVGVGIYLLPNR,COC(=O)c1ccc([C@H]2c3[nH]c4ccccc4c3C[C@H](C(=O)OC)N2C(=O)CCl)cc1,7.920818753952375
SMSYTWTGALITPCAAEESKLPINALSNSLLRHHNMVYATTSRSAGLRQKKVTFDRLQVLDDHYRDVLKEMKAKASTVKAKLLSVEEACKLTPPHSAKSKFGYGAKDVRNLSSKAVNHIHSVWKDLLEDTVTPIDTTIMAKNEVFCVQPEKGGRKPARLIVFPDLGVRVCEKMALYDVVSTLPQVVMGSSYGFQYSPGQRVEFLVNTWKSKKNPMGFSYDTRCFDSTVTENDIRVEESIYQCCDLAPEARQAIKSLTERLYIGGPLTNSKGQNCGYRRCRASGVLTTSCGNTLTCYLKASAACRAAKLQDCTMLVNGDDLVVICESAGTQEDAASLRVFTEAMTRYSAPPGDPPQPEYDLELITSCSSNVSVAHDASGKRVYYLTRDPTTPLARAAWETARHTPVNSWLGNIIMYAPTLWARMILMTHFFSILLAQEQLEKALDCQIYGACYSIEPLDLPQIIERLHGLSAFSLHSYSPGEINRVASCLRKLGVPPLRVWRHRARSVRARLLSQGGRAATCGKYLFNWAVKTKLKLTPIPAASRLDLSGWFVAGYSGGDIYHSLSRARPRWFMLCLLLLSVGVGIYLLPNR,Cc1ccc2c(c1)c(-c1ccc[nH]c1=O)c(C(=O)NS(=O)(=O)C1CC1)n2Cc1c(F)c(F)cc(S(C)(=O)=O)c1F,7.886056647693163
SMSYTWTGALITPCAAEESKLPINALSNSLLRHHNMVYATTSRSAGLRQKKVTFDRLQVLDDHYRDVLKEMKAKASTVKAKLLSVEEACKLTPPHSAKSKFGYGAKDVRNLSSKAVNHIHSVWKDLLEDTVTPIDTTIMAKNEVFCVQPEKGGRKPARLIVFPDLGVRVCEKMALYDVVSTLPQVVMGSSYGFQYSPGQRVEFLVNTWKSKKNPMGFSYDTRCFDSTVTENDIRVEESIYQCCDLAPEARQAIKSLTERLYIGGPLTNSKGQNCGYRRCRASGVLTTSCGNTLTCYLKASAACRAAKLQDCTMLVNGDDLVVICESAGTQEDAASLRVFTEAMTRYSAPPGDPPQPEYDLELITSCSSNVSVAHDASGKRVYYLTRDPTTPLARAAWETARHTPVNSWLGNIIMYAPTLWARMILMTHFFSILLAQEQLEKALDCQIYGACYSIEPLDLPQIIERLHGLSAFSLHSYSPGEINRVASCLRKLGVPPLRVWRHRARSVRARLLSQGGRAATCGKYLFNWAVKTKLKLTPIPAASRLDLSGWFVAGYSGGDIYHSLSRARPRWFMLCLLLLSVGVGIYLLPNR,Cc1ccc2c(c1)c(-c1ccc[nH]c1=O)c(C(=O)NS(=O)(=O)C1CC1)n2Cc1cc(S(=O)C(F)(F)F)ccc1Cl,7.853871964321762
SMSYTWTGALITPCAAEESKLPINALSNSLLRHHNMVYATTSRSAGLRQKKVTFDRLQVLDDHYRDVLKEMKAKASTVKAKLLSVEEACKLTPPHSAKSKFGYGAKDVRNLSSKAVNHIHSVWKDLLEDTVTPIDTTIMAKNEVFCVQPEKGGRKPARLIVFPDLGVRVCEKMALYDVVSTLPQVVMGSSYGFQYSPGQRVEFLVNTWKSKKNPMGFSYDTRCFDSTVTENDIRVEESIYQCCDLAPEARQAIKSLTERLYIGGPLTNSKGQNCGYRRCRASGVLTTSCGNTLTCYLKASAACRAAKLQDCTMLVNGDDLVVICESAGTQEDAASLRVFTEAMTRYSAPPGDPPQPEYDLELITSCSSNVSVAHDASGKRVYYLTRDPTTPLARAAWETARHTPVNSWLGNIIMYAPTLWARMILMTHFFSILLAQEQLEKALDCQIYGACYSIEPLDLPQIIERLHGLSAFSLHSYSPGEINRVASCLRKLGVPPLRVWRHRARSVRARLLSQGGRAATCGKYLFNWAVKTKLKLTPIPAASRLDLSGWFVAGYSGGDIYHSLSRARPRWFMLCLLLLSVGVGIYLLPNR,Cc1ccc2c(c1)c(-c1ccc[nH]c1=O)c(C(=O)NS(=O)(=O)C1CC1)n2Cc1c(F)c(F)cc(C(N)=O)c1F,7.853871964321762
SMSYTWTGALITPCAAEESKLPINALSNSLLRHHNMVYATTSRSAGLRQKKVTFDRLQVLDDHYRDVLKEMKAKASTVKAKLLSVEEACKLTPPHSAKSKFGYGAKDVRNLSSKAVNHIHSVWKDLLEDTVTPIDTTIMAKNEVFCVQPEKGGRKPARLIVFPDLGVRVCEKMALYDVVSTLPQVVMGSSYGFQYSPGQRVEFLVNTWKSKKNPMGFSYDTRCFDSTVTENDIRVEESIYQCCDLAPEARQAIKSLTERLYIGGPLTNSKGQNCGYRRCRASGVLTTSCGNTLTCYLKASAACRAAKLQDCTMLVNGDDLVVICESAGTQEDAASLRVFTEAMTRYSAPPGDPPQPEYDLELITSCSSNVSVAHDASGKRVYYLTRDPTTPLARAAWETARHTPVNSWLGNIIMYAPTLWARMILMTHFFSILLAQEQLEKALDCQIYGACYSIEPLDLPQIIERLHGLSAFSLHSYSPGEINRVASCLRKLGVPPLRVWRHRARSVRARLLSQGGRAATCGKYLFNWAVKTKLKLTPIPAASRLDLSGWFVAGYSGGDIYHSLSRARPRWFMLCLLLLSVGVGIYLLPNR,Cc1[nH]c(/C=C2\C(=O)Nc3ccc(C(=O)N[C@H](C)Cc4ccc(F)cc4)cc32)c(C)c1NC(=O)CBr,7.853871964321762
MPSRAEDYEVLYTIGTGSYGRCQKIRRKSDGKILVWKELDYGSMTEAEKQMLVSEVNLLRELKHPNIVRYYDRIIDRTNTTLYIVMEYCEGGDLASVITKGTKERQYLDEEFVLRVMTQLTLALKECHRRSDGGHTVLHRDLKPANVFLDGKQNVKLGDFGLARILNHDTSFAKTFVGTPYYMSPEQMNRMSYNEKSDIWSLGCLLYELCALMPPFTAFSQKELAGKIREGKFRRIPYRYSDELNEIITRMLNLKDYHRPSVEEILENPLIADLVADEQRRNLERRGRQLGEPEKSQDSSPVLSELKLKEIQLQERERALKAREERLEQKEQELCVRERLAEDKLARAENLLKNYSLLKERKFLSLASNPELLNLPSSVIKKKVHFSGESKENIMRSENSESQLTSKSKCKDLKKRLHAAQLRAQALSDIEKNYQLKSRQILGMR,Cc1ccc(Cl)cc1N1CCN(C(=O)c2ccc(OC(F)(F)F)c([N+](=O)[O-])c2)CC1,7.698970004336019
MREIVHIQAGQCGNQIGAKFWEVISDEHGIDPTGTYHGDSDLQLDRISVYYNEATGGKYVPRAILVDLEPGTMDSVRSGPFGQIFRPDNFVFGQSGAGNNWAKGHYTEGAELVDSVLDVVRKEAESCDCLQGFQLTHSLGGGTGSGMGTLLISKIREEYPDRIMNTFSVVPSPKVSDTVVEPYNATLSVHQLVENTDETYCIDNEALYDICFRTLKLTTPTYGDLNHLVSATMSGVTTCLRFPGQLNADLRKLAVNMVPFPRLHFFMPGFAPLTSRGSQQYRALTVPELTQQVFDAKNMMAACDPRHGRYLTVAAVFRGRMSMKEVDEQMLNVQNKNSSYFVEWIPNNVKTAVCDIPPRGLKMAVTFIGNSTAIQELFKRISEQFTAMFRRKAFLHWYTGEGMDEMEFTEAESNMNDLVSEYQQYQDATAEEEEDFGEEAEEEA,CN(C)S(=O)(=O)c1cc(NC(=O)CCl)ccc1Cl,7.698970004336019
MSGESARSLGKGSAPPGPVPEGSIRIYSMRFCPFAERTRLVLKAKGIRHEVININLKNKPEWFFKKNPFGLVPVLENSQGQLIYESAITCEYLDEAYPGKKLLPDDPYEKACQKMILELFSKVPSLVGSFIRSQNKEDYAGLKEEFRKEFTKLEEVLTNKKTTFFGGNSISMIDYLIWPWFERLEAMKLNECVDHTPKLKLWMAAMKEDPTVSALLTSEKDWQGFLELYLQNSPEACDYGL,CC(=O)N[C@@H]1C[C@@H](F)[C@](F)(C(=O)O)O[C@H]1[C@H](O)[C@H](O)CO,7.6777807052660805
MNPNQKIITIGSICMVVGIISLILQIGNIISIWISHSIQTGNQNHTGICNQGSITYKVVAGQDSTSVILTGNSSLCPIRGWAIHSKDNGIRIGSKGDVFVIREPFISCSHLECRTFFLTQGALLNDKHSRGTFKDRSPYRALMSCPVGEAPSPYNSRFESVAWSASACHDGMGWLTIGISGPDDGAVAVLKYNGIITETIKSWRKNILRTQESECTCVNGSCFTIMTDGPSDGLASYKIFKIEKGKVTKSIELNAPNSHYEECSCYPDTGKVMCVCRDNWHGSNRPWVSFDQNLDYKIGYICSGVFGDNPRPKDGTGSCGPVSADGANGVKGFSYKYGNGVWIGRTKSDSSRHGFEMIWDPNGWTETDSRFSMRQDVVAMTDRSGYSGSFVQHPELTGLDCMRPCFWVELIRGLPEENAIWTSGSIISFCGVNSDTVDWSWPDGAELPFTIDK,CN1CCN(c2ccc(Nc3ncc(Cl)c(Oc4ccccc4NC(=O)CCl)n3)cc2)CC1,7.619788758288394
MSTASAASSSSSSSAGEMIEAPSQVLNFEEIDYKEIEVEEVVGRGAFGVVCKAKWRAKDVAIKQIESESERKAFIVELRQLSRVNHPNIVKLYGACLNPVCLVMEYAEGGSLYNVLHGAEPLPYYTAAHAMSWCLQCSQGVAYLHSMQPKALIHRDLKPPNLLLVAGGTVLKICDFGTACDIQTHMTNNKGSAAWMAPEVFEGSNYSEKCDVFSWGIILWEVITRRKPFDEIGGPAFRIMWAVHNGTRPPLIKNLPKPIESLMTRCWSKDPSQRPSMEEIVKIMTHLMRYFPGADEPLQYPCQYSDEGQSNSATSTGSFMDIASTNTSNKSDTNMEQVPATNDTIKRLESKLLKNQAKQQSESGRLSLGASRGSSVESLPPTSEGKRMSADMSEIEARIAATTAYSKPKRGHRKTASFGNILDVPEIVISGNGQPRRRSIQDLTVTGTEPGQVSSRSSSPSVRMITTSGPTSEKPTRSHPWTPDDSTDTNGSDNSIPMAYLTLDHQLQPLAPCPNSKESMAVFEQHCKMAQEYMKVQTEIALLLQRKQELVAELDQDEKDQQNTSRLVQEHKKLLDENKSLSTYYQQCKKQLEVIRSQQQKRQGTS,CC(=O)N[C@@H]1C[C@@H](F)[C@](F)(C(=O)O)O[C@H]1[C@H](O)[C@H](O)CO,7.6020599913279625
MLPSTIQTLTLFLTSGGVLLSLYVSASLSYLLYSDILLKFSPTEITAPTMPLDCANASNVQAVNRSATKGVTLLLPEPEWTYPRLSCPGSTFQKALLISPHRFGETKGNSAPLIIREPFIACGPKECKHFALTHYAAQPGGYYNGTRGDRNKLRHLISVKLGKIPTVENSIFHMAAWSGSACHDGKEWTYIGVDGPDNNALLKIKYGEAYTDTYHSYANNILRTQESACNCIGGNCYLMITDGSASGISECRFLKIREGRIIKEIFPTGRVKHTEECTCGFASNKTIECACRDNSYTAKRPFVKLNVETDTAEIRLMCTETYLDTPRPDDGSITGPCESNGDKGSGGIKGGFVHQRMASKIGRWYSRTMSKTKRMGMGLYVKYDGDPWTDSDALALSGVMVSMEEPGWYSFGFEIKDKKCDVPCIGIEMVHDGGKETWHSAATAIYCLMGSGQLLWDTVTGVDMAL,Cc1cccc(C[C@@H](C)NC(=O)c2ccc3c(c2)/C(=C/c2[nH]c(C)c(NC(=O)CCl)c2C)C(=O)N3)c1,7.568636235841013
MELENIVANTVLLKAREGGGGKRKGKSKKWKEILKFPHISQCEDLRRTIDRDYCSLCDKQPIGRLLFRQFCETRPGLECYIQFLDSVAEYEVTPDEKLGEKGKEIMTKYLTPKSPVFIAQVGQDLVSQTEEKLLQKPCKELFSACAQSVHEYLRGEPFHEYLDSMFFDRFLQWKWLERQPVTKNTFRQYRVLGKGGFGEVCACQVRATGKMYACKRLEKKRIKKRKGESMALNEKQILEKVNSQFVVNLAYAYETKDALCLVLTIMNGGDLKFHIYNMGNPGFEEERALFYAAEILCGLEDLHRENTVYRDLKPENILLDDYGHIRISDLGLAVKIPEGDLIRGRVGTVGYMAPEVLNNQRYGLSPDYWGLGCLIYEMIEGQSPFRGRKEKVKREEVDRRVLETEEVYSHKFSEEAKSICKMLLTKDAKQRLGCQEEGAAEVKRHPFFRNMNFKRLEAGMLDPPFVPDPRAVYCKDVLDIEQFSTVKGVNLDHTDDDFYSKFSTGSVSIPWQNEMIETECFKELNVFGPNGTLPPDLNRNHPPEPPKKGLLQRLFKRQHQNNSKSSPSSKTSFNHHINSNHVSSNSTGSS,COCCNS(=O)(=O)c1cc(NC(=O)CCl)ccc1Cl,7.5376020021010435
MLPSTVQTLTLLLTSGGVLLSLYVSASLSYLLYSDVLLKFSSTKTTAPTMSLECTNASNAQTVNHSATKEMTFPPPEPEWTYPRLSCQGSTFQKALLISPHRFGEIKGNSAPLIIREPFVACGPKECRHFALTHYAAQPGGYYNGTRKDRNKLRHLVSVKLGKIPTVENSIFHMAAWSGSACHDGREWTYIGVDGPDNDALVKIKYGEAYTDTYHSYAHNILRTQESACNCIGGDCYLMITDGSASGISKCRFLKIREGRIIKEILPTGRVEHTEECTCGFASNKTIECACRDNSYTAKRPFVKLNVETDTAEIRLMCTKTYLDTPRPDDGSIAGPCESNGDKWLGGIKGGFVHQRMASKIGRWYSRTMSKTNRMGMELYVKYDGDPWTDSDALTLSGVMVSIEEPGWYSFGFEIKDKKCDVPCIGIEMVHDGGKDTWHSAATAIYCLMGSGQLLWDTVTGVDMAL,CC(=O)N[C@H]1[C@H](C[C@H](O)CO)O[C@@](F)(C(=O)O)[C@H](F)[C@@H]1O,7.494850021680094
MNPNQKIITIGSICMVVGIISLILQIGNIISIWISHSIQTGNQNHTGICNQGSITYKVVAGQDSTSVILTGNSSLCPIRGWAIHSKDNGIRIGSKGDVFVIREPFISCSHLECRTFFLTQGALLNDKHSRGTFKDRSPYRALMSCPVGEAPSPYNSRFESVAWSASACHDGMGWLTIGISGPDDGAVAVLKYNGIITETIKSWRKNILRTQESECTCVNGSCFTIMTDGPSDGLASYKIFKIEKGKVTKSIELNAPNSHYEECSCYPDTGKVMCVCRDNWHGSNRPWVSFDQNLDYKIGYICSGVFGDNPRPKDGTGSCGPVSADGANGVKGFSYKYGNGVWIGRTKSDSSRHGFEMIWDPNGWTETDSRFSMRQDVVAMTDRSGYSGSFVQHPELTGLDCMRPCFWVELIRGLPEENAIWTSGSIISFCGVNSDTVDWSWPDGAELPFTIDK,CC(=O)N[C@H]1[C@H](C[C@H](O)CO)O[C@@](F)(C(=O)O)[C@H](F)[C@@H]1O,7.431798275933005
MLPSTIQTLTLFLTSGGVLLSLYVSASLSYLLYSDILLKFSPTEITAPTMPLDCANASNVQAVNRSATKGVTLLLPEPEWTYPRLSCPGSTFQKALLISPHRFGETKGNSAPLIIREPFIACGPKECKHFALTHYAAQPGGYYNGTRGDRNKLRHLISVKLGKIPTVENSIFHMAAWSGSACHDGKEWTYIGVDGPDNNALLKIKYGEAYTDTYHSYANNILRTQESACNCIGGNCYLMITDGSASGISECRFLKIREGRIIKEIFPTGRVKHTEECTCGFASNKTIECACRDNSYTAKRPFVKLNVETDTAEIRLMCTETYLDTPRPDDGSITGPCESNGDKGSGGIKGGFVHQRMASKIGRWYSRTMSKTKRMGMGLYVKYDGDPWTDSDALALSGVMVSMEEPGWYSFGFEIKDKKCDVPCIGIEMVHDGGKETWHSAATAIYCLMGSGQLLWDTVTGVDMAL,CC(C)[C@H](NC(=O)OCc1ccccc1)C(=O)N1CCC[C@H]1C(=O)N[C@@H](CCCNC(=N)N)C(=O)CF,7.3979400086720375
SMSYTWTGALITPCAAEESKLPINALSNSLLRHHNMVYATTSRSAGLRQKKVTFDRLQVLDDHYRDVLKEMKAKASTVKAKLLSVEEACKLTPPHSAKSKFGYGAKDVRNLSSKAVNHIHSVWKDLLEDTVTPIDTTIMAKNEVFCVQPEKGGRKPARLIVFPDLGVRVCEKMALYDVVSTLPQVVMGSSYGFQYSPGQRVEFLVNTWKSKKNPMGFSYDTRCFDSTVTENDIRVEESIYQCCDLAPEARQAIKSLTERLYIGGPLTNSKGQNCGYRRCRASGVLTTSCGNTLTCYLKASAACRAAKLQDCTMLVNGDDLVVICESAGTQEDAASLRVFTEAMTRYSAPPGDPPQPEYDLELITSCSSNVSVAHDASGKRVYYLTRDPTTPLARAAWETARHTPVNSWLGNIIMYAPTLWARMILMTHFFSILLAQEQLEKALDCQIYGACYSIEPLDLPQIIERLHGLSAFSLHSYSPGEINRVASCLRKLGVPPLRVWRHRARSVRARLLSQGGRAATCGKYLFNWAVKTKLKLTPIPAASRLDLSGWFVAGYSGGDIYHSLSRARPRWFMLCLLLLSVGVGIYLLPNR,CC(=O)N[C@@H]1C[C@@H](F)[C@](F)(C(=O)O)O[C@H]1[C@H](O)[C@H](O)CO,7.337242168318426
MSGRPRTTSFAESCKPVQQPSAFGSMKVSRDKDGSKVTTVVATPGQGPDRPQEVSYTDTKVIGNGSFGVVYQAKLCDSGELVAIKKVLQDKRFKNRELQIMRKLDHCNIVRLRYFFYSSGEKKDEVYLNLVLDYVPETVYRVARHYSRAKQTLPVIYVKLYMYQLFRSLAYIHSFGICHRDIKPQNLLLDPDTAVLKLCDFGSAKQLVRGEPNVSYICSRYYRAPELIFGATDYTSSIDVWSAGCVLAELLLGQPIFPGDSGVDQLVEIIKVLGTPTREQIREMNPNYTEFKFPQIKAHPWTKVFRPRTPPEAIALCSRLLEYTPTARLTPLEACAHSFFDELRDPNVKLPNGRDTPALFNFTTQELSSNPPLATILIPPHARIQAAASTPTNATAASDANTGDRGQTNNAASASASNST,CN(C(=O)CCl)[C@@H](Cc1ccccc1)C(=O)N1CCCC[C@H]1C(=O)N[C@@H](Cc1c[nH]c2ccccc12)C(=O)N[C@@H](CCCNC(N)=O)C(N)=O,7.327902142064283
MNPNQKIITIGSICMVVGIISLILQIGNIISIWISHSIQTGNQNHTGICNQGSITYKVVAGQDSTSVILTGNSSLCPIRGWAIHSKDNGIRIGSKGDVFVIREPFISCSHLECRTFFLTQGALLNDKHSRGTFKDRSPYRALMSCPVGEAPSPYNSRFESVAWSASACHDGMGWLTIGISGPDDGAVAVLKYNGIITETIKSWRKNILRTQESECTCVNGSCFTIMTDGPSDGLASYKIFKIEKGKVTKSIELNAPNSHYEECSCYPDTGKVMCVCRDNWHGSNRPWVSFDQNLDYKIGYICSGVFGDNPRPKDGTGSCGPVSADGANGVKGFSYKYGNGVWIGRTKSDSSRHGFEMIWDPNGWTETDSRFSMRQDVVAMTDRSGYSGSFVQHPELTGLDCMRPCFWVELIRGLPEENAIWTSGSIISFCGVNSDTVDWSWPDGAELPFTIDK,Cc1ccc(Cl)cc1N1CCN(C(=O)c2ccc(I)c([N+](=O)[O-])c2)CC1,7.318758762624412
MADEEKLPPGWEKRMSRSSGRVYYFNHITNASQWERPSGNSSSGGKNGQGEPARVRCSHLLVKHSQSRRPSSWRQEKITRTKEEALELINGYIQKIKSGEEDFESLASQFSDCSSAKARGDLGAFSRGQMQKPFEDASFALRTGEMSGPVFTDSGIHIILRTE,Nc1cc(Cn2c(C(=O)O)c(-c3ccc[nH]c3=O)c3cc(Cl)ccc32)ccn1,7.318758762624412
MREIVHIQAGQCGNQIGAKFWEVISDEHGIDPTGTYHGDSDLQLDRISVYYNEATGGKYVPRAILVDLEPGTMDSVRSGPFGQIFRPDNFVFGQSGAGNNWAKGHYTEGAELVDSVLDVVRKEAESCDCLQGFQLTHSLGGGTGSGMGTLLISKIREEYPDRIMNTFSVVPSPKVSDTVVEPYNATLSVHQLVENTDETYCIDNEALYDICFRTLKLTTPTYGDLNHLVSATMSGVTTCLRFPGQLNADLRKLAVNMVPFPRLHFFMPGFAPLTSRGSQQYRALTVPELTQQVFDAKNMMAACDPRHGRYLTVAAVFRGRMSMKEVDEQMLNVQNKNSSYFVEWIPNNVKTAVCDIPPRGLKMAVTFIGNSTAIQELFKRISEQFTAMFRRKAFLHWYTGEGMDEMEFTEAESNMNDLVSEYQQYQDATAEEEEDFGEEAEEEA,Cc1ccc(Cl)cc1N1CCN(C(=O)c2ccc(Br)c(Cl)c2)CC1,7.301029995663981
SMSYTWTGALITPCAAEESKLPINALSNSLLRHHNMVYATTSRSAGLRQKKVTFDRLQVLDDHYRDVLKEMKAKASTVKAKLLSVEEACKLTPPHSAKSKFGYGAKDVRNLSSKAVNHIHSVWKDLLEDTVTPIDTTIMAKNEVFCVQPEKGGRKPARLIVFPDLGVRVCEKMALYDVVSTLPQVVMGSSYGFQYSPGQRVEFLVNTWKSKKNPMGFSYDTRCFDSTVTENDIRVEESIYQCCDLAPEARQAIKSLTERLYIGGPLTNSKGQNCGYRRCRASGVLTTSCGNTLTCYLKASAACRAAKLQDCTMLVNGDDLVVICESAGTQEDAASLRVFTEAMTRYSAPPGDPPQPEYDLELITSCSSNVSVAHDASGKRVYYLTRDPTTPLARAAWETARHTPVNSWLGNIIMYAPTLWARMILMTHFFSILLAQEQLEKALDCQIYGACYSIEPLDLPQIIERLHGLSAFSLHSYSPGEINRVASCLRKLGVPPLRVWRHRARSVRARLLSQGGRAATCGKYLFNWAVKTKLKLTPIPAASRLDLSGWFVAGYSGGDIYHSLSRARPRWFMLCLLLLSVGVGIYLLPNR,CCN(CC)CCNC(=O)c1c(C)[nH]c(/C=C2\C(=O)Nc3ccc(NC(=O)CCl)cc32)c1C,7.275724130399211
MREIVHIQAGQCGNQIGAKFWEVISDEHGIDPTGTYHGDSDLQLDRISVYYNEATGGKYVPRAILVDLEPGTMDSVRSGPFGQIFRPDNFVFGQSGAGNNWAKGHYTEGAELVDSVLDVVRKEAESCDCLQGFQLTHSLGGGTGSGMGTLLISKIREEYPDRIMNTFSVVPSPKVSDTVVEPYNATLSVHQLVENTDETYCIDNEALYDICFRTLKLTTPTYGDLNHLVSATMSGVTTCLRFPGQLNADLRKLAVNMVPFPRLHFFMPGFAPLTSRGSQQYRALTVPELTQQVFDAKNMMAACDPRHGRYLTVAAVFRGRMSMKEVDEQMLNVQNKNSSYFVEWIPNNVKTAVCDIPPRGLKMAVTFIGNSTAIQELFKRISEQFTAMFRRKAFLHWYTGEGMDEMEFTEAESNMNDLVSEYQQYQDATAEEEEDFGEEAEEEA,O=C1Nc2ccc(C(=O)CCl)cc2/C1=C/c1cnc[nH]1,7.259637310505756
MPSRAEDYEVLYTIGTGSYGRCQKIRRKSDGKILVWKELDYGSMTEAEKQMLVSEVNLLRELKHPNIVRYYDRIIDRTNTTLYIVMEYCEGGDLASVITKGTKERQYLDEEFVLRVMTQLTLALKECHRRSDGGHTVLHRDLKPANVFLDGKQNVKLGDFGLARILNHDTSFAKTFVGTPYYMSPEQMNRMSYNEKSDIWSLGCLLYELCALMPPFTAFSQKELAGKIREGKFRRIPYRYSDELNEIITRMLNLKDYHRPSVEEILENPLIADLVADEQRRNLERRGRQLGEPEKSQDSSPVLSELKLKEIQLQERERALKAREERLEQKEQELCVRERLAEDKLARAENLLKNYSLLKERKFLSLASNPELLNLPSSVIKKKVHFSGESKENIMRSENSESQLTSKSKCKDLKKRLHAAQLRAQALSDIEKNYQLKSRQILGMR,CC(=O)N[C@H]1[C@H](C[C@H](O)CO)O[C@@](F)(C(=O)O)[C@H](F)[C@@H]1O,7.221848749616356
MSGESARSLGKGSAPPGPVPEGSIRIYSMRFCPFAERTRLVLKAKGIRHEVININLKNKPEWFFKKNPFGLVPVLENSQGQLIYESAITCEYLDEAYPGKKLLPDDPYEKACQKMILELFSKVPSLVGSFIRSQNKEDYAGLKEEFRKEFTKLEEVLTNKKTTFFGGNSISMIDYLIWPWFERLEAMKLNECVDHTPKLKLWMAAMKEDPTVSALLTSEKDWQGFLELYLQNSPEACDYGL,CC(=O)N[C@@H]1[C@@H](O)[C@@H](F)[C@](F)(C(=O)O)O[C@H]1[C@H](O)[C@H](O)CO,7.221848749616356
MNPNQKIITIGSICMVVGIISLILQIGNIISIWISHSIQTGNQNHTGICNQGSITYKVVAGQDSTSVILTGNSSLCPIRGWAIHSKDNGIRIGSKGDVFVIREPFISCSHLECRTFFLTQGALLNDKHSRGTFKDRSPYRALMSCPVGEAPSPYNSRFESVAWSASACHDGMGWLTIGISGPDDGAVAVLKYNGIITETIKSWRKNILRTQESECTCVNGSCFTIMTDGPSDGLASYKIFKIEKGKVTKSIELNAPNSHYEECSCYPDTGKVMCVCRDNWHGSNRPWVSFDQNLDYKIGYICSGVFGDNPRPKDGTGSCGPVSADGANGVKGFSYKYGNGVWIGRTKSDSSRHGFEMIWDPNGWTETDSRFSMRQDVVAMTDRSGYSGSFVQHPELTGLDCMRPCFWVELIRGLPEENAIWTSGSIISFCGVNSDTVDWSWPDGAELPFTIDK,CCN(CC)CCNC(=O)c1c(C)[nH]c(/C=C2\C(=O)Nc3ccc(NC(=O)CCl)cc32)c1C,7.214670164989233
MLPSTIQTLTLFLTSGGVLLSLYVSASLSYLLYSDILLKFSPTEITAPTMPLDCANASNVQAVNRSATKGVTLLLPEPEWTYPRLSCPGSTFQKALLISPHRFGETKGNSAPLIIREPFIACGPKECKHFALTHYAAQPGGYYNGTRGDRNKLRHLISVKLGKIPTVENSIFHMAAWSGSACHDGKEWTYIGVDGPDNNALLKIKYGEAYTDTYHSYANNILRTQESACNCIGGNCYLMITDGSASGISECRFLKIREGRIIKEIFPTGRVKHTEECTCGFASNKTIECACRDNSYTAKRPFVKLNVETDTAEIRLMCTETYLDTPRPDDGSITGPCESNGDKGSGGIKGGFVHQRMASKIGRWYSRTMSKTKRMGMGLYVKYDGDPWTDSDALALSGVMVSMEEPGWYSFGFEIKDKKCDVPCIGIEMVHDGGKETWHSAATAIYCLMGSGQLLWDTVTGVDMAL,CC(=O)N[C@@H]1C[C@@H](F)[C@](F)(C(=O)O)O[C@H]1[C@H](O)[C@H](O)CO,7.187086643357144
MARTVVLITGCSSGIGLHLAVRLASDPSQSFKVYATLRDLKTQGRLWEAARALACPPGSLETLQLDVRDSKSVAAARERVTEGRVDVLVCNAGLGLLGPLEALGEDAVASVLDVNVVGTVRMLQAFLPDMKRRGSGRVLVTGSVGGLMGLPFNDVYCASKFALEGLCESLAVLLLPFGVHLSLIECGPVHTAFMEKVLGSPEEVLDRTDIHTFHRFYQYLAHSKQVFREAAQNPEEVAEVFLTALRAPKPTLRYFTTERFLPLLRMRLDDPSGSNYVTAMHREVFGDVPAKAEAGAEAGGGAGPGAEDEAGRGAVGDPELGDPPAAPQ,CC(=O)N[C@@H]1[C@@H](O)[C@@H](F)[C@](F)(C(=O)O)O[C@H]1[C@H](O)[C@H](O)CO,7.167491087293763
MNPNQKIITIGSICMVVGIISLILQIGNIISIWISHSIQTGNQNHTGICNQGSITYKVVAGQDSTSVILTGNSSLCPIRGWAIHSKDNGIRIGSKGDVFVIREPFISCSHLECRTFFLTQGALLNDKHSRGTFKDRSPYRALMSCPVGEAPSPYNSRFESVAWSASACHDGMGWLTIGISGPDDGAVAVLKYNGIITETIKSWRKNILRTQESECTCVNGSCFTIMTDGPSDGLASYKIFKIEKGKVTKSIELNAPNSHYEECSCYPDTGKVMCVCRDNWHGSNRPWVSFDQNLDYKIGYICSGVFGDNPRPKDGTGSCGPVSADGANGVKGFSYKYGNGVWIGRTKSDSSRHGFEMIWDPNGWTETDSRFSMRQDVVAMTDRSGYSGSFVQHPELTGLDCMRPCFWVELIRGLPEENAIWTSGSIISFCGVNSDTVDWSWPDGAELPFTIDK,COCCN(C)S(=O)(=O)c1cc(NC(=O)CCl)ccc1Cl,7.161150909262744
MSGESARSLGKGSAPPGPVPEGSIRIYSMRFCPFAERTRLVLKAKGIRHEVININLKNKPEWFFKKNPFGLVPVLENSQGQLIYESAITCEYLDEAYPGKKLLPDDPYEKACQKMILELFSKVPSLVGSFIRSQNKEDYAGLKEEFRKEFTKLEEVLTNKKTTFFGGNSISMIDYLIWPWFERLEAMKLNECVDHTPKLKLWMAAMKEDPTVSALLTSEKDWQGFLELYLQNSPEACDYGL,Cc1[nH]c(/C=C2\C(=O)Nc3ccc(C(=O)N[C@@H](Cc4ccccc4)C(C)C)cc32)c(C)c1NC(=O)CCl,7.154901959985743
MLPSTIQTLTLFLTSGGVLLSLYVSASLSYLLYSDILLKFSPTEITAPTMPLDCANASNVQAVNRSATKGVTLLLPEPEWTYPRLSCPGSTFQKALLISPHRFGETKGNSAPLIIREPFIACGPKECKHFALTHYAAQPGGYYNGTRGDRNKLRHLISVKLGKIPTVENSIFHMAAWSGSACHDGKEWTYIGVDGPDNNALLKIKYGEAYTDTYHSYANNILRTQESACNCIGGNCYLMITDGSASGISECRFLKIREGRIIKEIFPTGRVKHTEECTCGFASNKTIECACRDNSYTAKRPFVKLNVETDTAEIRLMCTETYLDTPRPDDGSITGPCESNGDKGSGGIKGGFVHQRMASKIGRWYSRTMSKTKRMGMGLYVKYDGDPWTDSDALALSGVMVSMEEPGWYSFGFEIKDKKCDVPCIGIEMVHDGGKETWHSAATAIYCLMGSGQLLWDTVTGVDMAL,C[C@]12CC[C@@H]3c4ccc(CCBr)cc4CC[C@H]3[C@@H]1C[C@H](Cc1cccc(C(N)=O)c1)[C@@H]2O,7.119186407719209
MSGESARSLGKGSAPPGPVPEGSIRIYSMRFCPFAERTRLVLKAKGIRHEVININLKNKPEWFFKKNPFGLVPVLENSQGQLIYESAITCEYLDEAYPGKKLLPDDPYEKACQKMILELFSKVPSLVGSFIRSQNKEDYAGLKEEFRKEFTKLEEVLTNKKTTFFGGNSISMIDYLIWPWFERLEAMKLNECVDHTPKLKLWMAAMKEDPTVSALLTSEKDWQGFLELYLQNSPEACDYGL,CC(=O)N[C@H]1[C@H](C[C@H](O)CO)O[C@@](F)(C(=O)O)[C@H](F)[C@@H]1O,7.096910013008056
MELENIVANTVLLKAREGGGGKRKGKSKKWKEILKFPHISQCEDLRRTIDRDYCSLCDKQPIGRLLFRQFCETRPGLECYIQFLDSVAEYEVTPDEKLGEKGKEIMTKYLTPKSPVFIAQVGQDLVSQTEEKLLQKPCKELFSACAQSVHEYLRGEPFHEYLDSMFFDRFLQWKWLERQPVTKNTFRQYRVLGKGGFGEVCACQVRATGKMYACKRLEKKRIKKRKGESMALNEKQILEKVNSQFVVNLAYAYETKDALCLVLTIMNGGDLKFHIYNMGNPGFEEERALFYAAEILCGLEDLHRENTVYRDLKPENILLDDYGHIRISDLGLAVKIPEGDLIRGRVGTVGYMAPEVLNNQRYGLSPDYWGLGCLIYEMIEGQSPFRGRKEKVKREEVDRRVLETEEVYSHKFSEEAKSICKMLLTKDAKQRLGCQEEGAAEVKRHPFFRNMNFKRLEAGMLDPPFVPDPRAVYCKDVLDIEQFSTVKGVNLDHTDDDFYSKFSTGSVSIPWQNEMIETECFKELNVFGPNGTLPPDLNRNHPPEPPKKGLLQRLFKRQHQNNSKSSPSSKTSFNHHINSNHVSSNSTGSS,Cc1[nH]c(/C=C2\C(=O)Nc3ccc(C(=O)N[C@H](C)Cc4ccc(Cl)cc4)cc32)c(C)c1NC(=O)CCl,7.060480747381382
MELENIVANTVLLKAREGGGGKRKGKSKKWKEILKFPHISQCEDLRRTIDRDYCSLCDKQPIGRLLFRQFCETRPGLECYIQFLDSVAEYEVTPDEKLGEKGKEIMTKYLTPKSPVFIAQVGQDLVSQTEEKLLQKPCKELFSACAQSVHEYLRGEPFHEYLDSMFFDRFLQWKWLERQPVTKNTFRQYRVLGKGGFGEVCACQVRATGKMYACKRLEKKRIKKRKGESMALNEKQILEKVNSQFVVNLAYAYETKDALCLVLTIMNGGDLKFHIYNMGNPGFEEERALFYAAEILCGLEDLHRENTVYRDLKPENILLDDYGHIRISDLGLAVKIPEGDLIRGRVGTVGYMAPEVLNNQRYGLSPDYWGLGCLIYEMIEGQSPFRGRKEKVKREEVDRRVLETEEVYSHKFSEEAKSICKMLLTKDAKQRLGCQEEGAAEVKRHPFFRNMNFKRLEAGMLDPPFVPDPRAVYCKDVLDIEQFSTVKGVNLDHTDDDFYSKFSTGSVSIPWQNEMIETECFKELNVFGPNGTLPPDLNRNHPPEPPKKGLLQRLFKRQHQNNSKSSPSSKTSFNHHINSNHVSSNSTGSS,CC(=O)N[C@@H]1[C@@H](O)[C@@H](F)[C@](F)(C(=O)O)O[C@H]1[C@H](O)[C@H](O)CO,7.022276394711152
MARTVVLITGCSSGIGLHLAVRLASDPSQSFKVYATLRDLKTQGRLWEAARALACPPGSLETLQLDVRDSKSVAAARERVTEGRVDVLVCNAGLGLLGPLEALGEDAVASVLDVNVVGTVRMLQAFLPDMKRRGSGRVLVTGSVGGLMGLPFNDVYCASKFALEGLCESLAVLLLPFGVHLSLIECGPVHTAFMEKVLGSPEEVLDRTDIHTFHRFYQYLAHSKQVFREAAQNPEEVAEVFLTALRAPKPTLRYFTTERFLPLLRMRLDDPSGSNYVTAMHREVFGDVPAKAEAGAEAGGGAGPGAEDEAGRGAVGDPELGDPPAAPQ,CCc1nc(C)c(/C=C2\C(=O)Nc3ccc(C(=O)CCl)cc32)[nH]1,7.013228265733755
MNPNQKIITIGSICMVVGIISLILQIGNIISIWISHSIQTGNQNHTGICNQGSITYKVVAGQDSTSVILTGNSSLCPIRGWAIHSKDNGIRIGSKGDVFVIREPFISCSHLECRTFFLTQGALLNDKHSRGTFKDRSPYRALMSCPVGEAPSPYNSRFESVAWSASACHDGMGWLTIGISGPDDGAVAVLKYNGIITETIKSWRKNILRTQESECTCVNGSCFTIMTDGPSDGLASYKIFKIEKGKVTKSIELNAPNSHYEECSCYPDTGKVMCVCRDNWHGSNRPWVSFDQNLDYKIGYICSGVFGDNPRPKDGTGSCGPVSADGANGVKGFSYKYGNGVWIGRTKSDSSRHGFEMIWDPNGWTETDSRFSMRQDVVAMTDRSGYSGSFVQHPELTGLDCMRPCFWVELIRGLPEENAIWTSGSIISFCGVNSDTVDWSWPDGAELPFTIDK,COc1ccc(CNC(=O)Nc2nc3ccc(C(=O)CBr)cc3[nH]2)cc1,7.008773924307505
MNPNQKIITIGSISIAIGIISLMLQIGNIISIWASHSIQTGSQNNTGICNQRIITYENSTWVNHTYVNINNTNVVAGEDKTSVTLAGNSSLCSISGWAIYTKDNSIRIGSKGDVFVIREPFISCSHLECRTFFLTQGALLNDKHSNGTVKDRSPYRALMSCPLGEAPSPYNSKFESVAWSASACHDGMGWLTIGISGPDNGAVAVLKYNGIITGTIKSWKKQILRTQESECVCMNGSCFTIMTDGPSNKAASYKIFKIEKGKVTKSIELNAPNFHYEECSCYPDTGIVMCVCRDNWHGSNRPWVSFNQNLDYQIGYICSGVFGDNPRPEDGEGSCNPVTVDGANGVKGFSYKYDNGVWIGRTKSNRLRKGFEMIWDPNGWTNTDSDFSVKQDVVAITDWSGYSGSFVQHPELTGLDCIRPCFWVELVRGLPRENTTIWTSGSSISFCGVNSDTANWSWPDGAELPFTIDK,CN(C)S(=O)(=O)c1cc(NC(=O)CCl)ccc1Cl,6.991399828238082
MNPNQKIITIGSICMVVGIISLILQIGNIISIWISHSIQTGNQNHTGICNQGSITYKVVAGQDSTSVILTGNSSLCPIRGWAIHSKDNGIRIGSKGDVFVIREPFISCSHLECRTFFLTQGALLNDKHSRGTFKDRSPYRALMSCPVGEAPSPYNSRFESVAWSASACHDGMGWLTIGISGPDDGAVAVLKYNGIITETIKSWRKNILRTQESECTCVNGSCFTIMTDGPSDGLASYKIFKIEKGKVTKSIELNAPNSHYEECSCYPDTGKVMCVCRDNWHGSNRPWVSFDQNLDYKIGYICSGVFGDNPRPKDGTGSCGPVSADGANGVKGFSYKYGNGVWIGRTKSDSSRHGFEMIWDPNGWTETDSRFSMRQDVVAMTDRSGYSGSFVQHPELTGLDCMRPCFWVELIRGLPEENAIWTSGSIISFCGVNSDTVDWSWPDGAELPFTIDK,CN(C)S(=O)(=O)c1cc(NC(=O)CCl)ccc1I,6.982966660701219
MSGESARSLGKGSAPPGPVPEGSIRIYSMRFCPFAERTRLVLKAKGIRHEVININLKNKPEWFFKKNPFGLVPVLENSQGQLIYESAITCEYLDEAYPGKKLLPDDPYEKACQKMILELFSKVPSLVGSFIRSQNKEDYAGLKEEFRKEFTKLEEVLTNKKTTFFGGNSISMIDYLIWPWFERLEAMKLNECVDHTPKLKLWMAAMKEDPTVSALLTSEKDWQGFLELYLQNSPEACDYGL,Cc1[nH]c(/C=C2\C(=O)Nc3ccc(C(=O)N[C@H](C)c4ccncc4)cc32)c(C)c1NC(=O)CCl,6.958607314841775
MELENIVANTVLLKAREGGGGKRKGKSKKWKEILKFPHISQCEDLRRTIDRDYCSLCDKQPIGRLLFRQFCETRPGLECYIQFLDSVAEYEVTPDEKLGEKGKEIMTKYLTPKSPVFIAQVGQDLVSQTEEKLLQKPCKELFSACAQSVHEYLRGEPFHEYLDSMFFDRFLQWKWLERQPVTKNTFRQYRVLGKGGFGEVCACQVRATGKMYACKRLEKKRIKKRKGESMALNEKQILEKVNSQFVVNLAYAYETKDALCLVLTIMNGGDLKFHIYNMGNPGFEEERALFYAAEILCGLEDLHRENTVYRDLKPENILLDDYGHIRISDLGLAVKIPEGDLIRGRVGTVGYMAPEVLNNQRYGLSPDYWGLGCLIYEMIEGQSPFRGRKEKVKREEVDRRVLETEEVYSHKFSEEAKSICKMLLTKDAKQRLGCQEEGAAEVKRHPFFRNMNFKRLEAGMLDPPFVPDPRAVYCKDVLDIEQFSTVKGVNLDHTDDDFYSKFSTGSVSIPWQNEMIETECFKELNVFGPNGTLPPDLNRNHPPEPPKKGLLQRLFKRQHQNNSKSSPSSKTSFNHHINSNHVSSNSTGSS,Cc1[nH]c(/C=C2\C(=O)Nc3ccc(C(=O)NCCc4ccccc4)cc32)c(C)c1NC(=O)CCl,6.958607314841775
MNPNQKIITIGSICMVVGIISLILQIGNIISIWISHSIQTGNQNHTGICNQGSITYKVVAGQDSTSVILTGNSSLCPIRGWAIHSKDNGIRIGSKGDVFVIREPFISCSHLECRTFFLTQGALLNDKHSRGTFKDRSPYRALMSCPVGEAPSPYNSRFESVAWSASACHDGMGWLTIGISGPDDGAVAVLKYNGIITETIKSWRKNILRTQESECTCVNGSCFTIMTDGPSDGLASYKIFKIEKGKVTKSIELNAPNSHYEECSCYPDTGKVMCVCRDNWHGSNRPWVSFDQNLDYKIGYICSGVFGDNPRPKDGTGSCGPVSADGANGVKGFSYKYGNGVWIGRTKSDSSRHGFEMIWDPNGWTETDSRFSMRQDVVAMTDRSGYSGSFVQHPELTGLDCMRPCFWVELIRGLPEENAIWTSGSIISFCGVNSDTVDWSWPDGAELPFTIDK,CC(C)[C@H](NC(=O)OCc1ccccc1)C(=O)N[C@@H](CCCNC(=N)N)C(=O)N1CCC[C@H]1C(=O)N[C@@H](CCCNC(=N)N)C(=O)CF,6.935542010773082
MNPNQKIITIGSICMVVGIISLILQIGNIISIWISHSIQTGNQNHTGICNQGSITYKVVAGQDSTSVILTGNSSLCPIRGWAIHSKDNGIRIGSKGDVFVIREPFISCSHLECRTFFLTQGALLNDKHSRGTFKDRSPYRALMSCPVGEAPSPYNSRFESVAWSASACHDGMGWLTIGISGPDDGAVAVLKYNGIITETIKSWRKNILRTQESECTCVNGSCFTIMTDGPSDGLASYKIFKIEKGKVTKSIELNAPNSHYEECSCYPDTGKVMCVCRDNWHGSNRPWVSFDQNLDYKIGYICSGVFGDNPRPKDGTGSCGPVSADGANGVKGFSYKYGNGVWIGRTKSDSSRHGFEMIWDPNGWTETDSRFSMRQDVVAMTDRSGYSGSFVQHPELTGLDCMRPCFWVELIRGLPEENAIWTSGSIISFCGVNSDTVDWSWPDGAELPFTIDK,Cc1[nH]c(/C=C2\C(=O)Nc3ccc(C(=O)N[C@H](C)Cc4cccc(Cl)c4)cc32)c(C)c1NC(=O)CCl,6.935542010773082
MPSRAEDYEVLYTIGTGSYGRCQKIRRKSDGKILVWKELDYGSMTEAEKQMLVSEVNLLRELKHPNIVRYYDRIIDRTNTTLYIVMEYCEGGDLASVITKGTKERQYLDEEFVLRVMTQLTLALKECHRRSDGGHTVLHRDLKPANVFLDGKQNVKLGDFGLARILNHDTSFAKTFVGTPYYMSPEQMNRMSYNEKSDIWSLGCLLYELCALMPPFTAFSQKELAGKIREGKFRRIPYRYSDELNEIITRMLNLKDYHRPSVEEILENPLIADLVADEQRRNLERRGRQLGEPEKSQDSSPVLSELKLKEIQLQERERALKAREERLEQKEQELCVRERLAEDKLARAENLLKNYSLLKERKFLSLASNPELLNLPSSVIKKKVHFSGESKENIMRSENSESQLTSKSKCKDLKKRLHAAQLRAQALSDIEKNYQLKSRQILGMR,CN(C)S(=O)(=O)c1cc(NC(=O)CCl)ccc1Br,6.886056647693163
MSGRPRTTSFAESCKPVQQPSAFGSMKVSRDKDGSKVTTVVATPGQGPDRPQEVSYTDTKVIGNGSFGVVYQAKLCDSGELVAIKKVLQDKRFKNRELQIMRKLDHCNIVRLRYFFYSSGEKKDEVYLNLVLDYVPETVYRVARHYSRAKQTLPVIYVKLYMYQLFRSLAYIHSFGICHRDIKPQNLLLDPDTAVLKLCDFGSAKQLVRGEPNVSYICSRYYRAPELIFGATDYTSSIDVWSAGCVLAELLLGQPIFPGDSGVDQLVEIIKVLGTPTREQIREMNPNYTEFKFPQIKAHPWTKVFRPRTPPEAIALCSRLLEYTPTARLTPLEACAHSFFDELRDPNVKLPNGRDTPALFNFTTQELSSNPPLATILIPPHARIQAAASTPTNATAASDANTGDRGQTNNAASASASNST,C[C@]12CC[C@@H]3c4ccc(CCCBr)cc4CC[C@H]3[C@@H]1C[C@H](Cc1cccc(C(N)=O)c1)[C@@H]2O,6.886056647693163
MSGESARSLGKGSAPPGPVPEGSIRIYSMRFCPFAERTRLVLKAKGIRHEVININLKNKPEWFFKKNPFGLVPVLENSQGQLIYESAITCEYLDEAYPGKKLLPDDPYEKACQKMILELFSKVPSLVGSFIRSQNKEDYAGLKEEFRKEFTKLEEVLTNKKTTFFGGNSISMIDYLIWPWFERLEAMKLNECVDHTPKLKLWMAAMKEDPTVSALLTSEKDWQGFLELYLQNSPEACDYGL,COCCCN(C)S(=O)(=O)c1cc(NC(=O)CCl)ccc1Cl,6.886056647693163
MSGESARSLGKGSAPPGPVPEGSIRIYSMRFCPFAERTRLVLKAKGIRHEVININLKNKPEWFFKKNPFGLVPVLENSQGQLIYESAITCEYLDEAYPGKKLLPDDPYEKACQKMILELFSKVPSLVGSFIRSQNKEDYAGLKEEFRKEFTKLEEVLTNKKTTFFGGNSISMIDYLIWPWFERLEAMKLNECVDHTPKLKLWMAAMKEDPTVSALLTSEKDWQGFLELYLQNSPEACDYGL,O=C(CCl)Nc1ccc(Cl)c(S(=O)(=O)N2CCOCC2)c1,6.886056647693163
MELENIVANTVLLKAREGGGGKRKGKSKKWKEILKFPHISQCEDLRRTIDRDYCSLCDKQPIGRLLFRQFCETRPGLECYIQFLDSVAEYEVTPDEKLGEKGKEIMTKYLTPKSPVFIAQVGQDLVSQTEEKLLQKPCKELFSACAQSVHEYLRGEPFHEYLDSMFFDRFLQWKWLERQPVTKNTFRQYRVLGKGGFGEVCACQVRATGKMYACKRLEKKRIKKRKGESMALNEKQILEKVNSQFVVNLAYAYETKDALCLVLTIMNGGDLKFHIYNMGNPGFEEERALFYAAEILCGLEDLHRENTVYRDLKPENILLDDYGHIRISDLGLAVKIPEGDLIRGRVGTVGYMAPEVLNNQRYGLSPDYWGLGCLIYEMIEGQSPFRGRKEKVKREEVDRRVLETEEVYSHKFSEEAKSICKMLLTKDAKQRLGCQEEGAAEVKRHPFFRNMNFKRLEAGMLDPPFVPDPRAVYCKDVLDIEQFSTVKGVNLDHTDDDFYSKFSTGSVSIPWQNEMIETECFKELNVFGPNGTLPPDLNRNHPPEPPKKGLLQRLFKRQHQNNSKSSPSSKTSFNHHINSNHVSSNSTGSS,C[C@]12CC[C@@H]3c4ccc(OCCBr)cc4CC[C@H]3[C@@H]1C[C@H](Cc1cccc(C(N)=O)c1)[C@@H]2O,6.886056647693163
MNPNQKIITIGSICMVVGIISLILQIGNIISIWISHSIQTGNQNHTGICNQGSITYKVVAGQDSTSVILTGNSSLCPIRGWAIHSKDNGIRIGSKGDVFVIREPFISCSHLECRTFFLTQGALLNDKHSRGTFKDRSPYRALMSCPVGEAPSPYNSRFESVAWSASACHDGMGWLTIGISGPDDGAVAVLKYNGIITETIKSWRKNILRTQESECTCVNGSCFTIMTDGPSDGLASYKIFKIEKGKVTKSIELNAPNSHYEECSCYPDTGKVMCVCRDNWHGSNRPWVSFDQNLDYKIGYICSGVFGDNPRPKDGTGSCGPVSADGANGVKGFSYKYGNGVWIGRTKSDSSRHGFEMIWDPNGWTETDSRFSMRQDVVAMTDRSGYSGSFVQHPELTGLDCMRPCFWVELIRGLPEENAIWTSGSIISFCGVNSDTVDWSWPDGAELPFTIDK,CN(CCO)S(=O)(=O)c1cc(NC(=O)CCl)ccc1Cl,6.876148359032914
MNPNQKIITIGSICMVVGIISLILQIGNIISIWISHSIQTGNQNHTGICNQGSITYKVVAGQDSTSVILTGNSSLCPIRGWAIHSKDNGIRIGSKGDVFVIREPFISCSHLECRTFFLTQGALLNDKHSRGTFKDRSPYRALMSCPVGEAPSPYNSRFESVAWSASACHDGMGWLTIGISGPDDGAVAVLKYNGIITETIKSWRKNILRTQESECTCVNGSCFTIMTDGPSDGLASYKIFKIEKGKVTKSIELNAPNSHYEECSCYPDTGKVMCVCRDNWHGSNRPWVSFDQNLDYKIGYICSGVFGDNPRPKDGTGSCGPVSADGANGVKGFSYKYGNGVWIGRTKSDSSRHGFEMIWDPNGWTETDSRFSMRQDVVAMTDRSGYSGSFVQHPELTGLDCMRPCFWVELIRGLPEENAIWTSGSIISFCGVNSDTVDWSWPDGAELPFTIDK,Cc1ccc(Cl)cc1N1CCN(C(=O)c2ccc(Cl)c([N+](=O)[O-])c2)CC1,6.856985199745905
MELENIVANTVLLKAREGGGGKRKGKSKKWKEILKFPHISQCEDLRRTIDRDYCSLCDKQPIGRLLFRQFCETRPGLECYIQFLDSVAEYEVTPDEKLGEKGKEIMTKYLTPKSPVFIAQVGQDLVSQTEEKLLQKPCKELFSACAQSVHEYLRGEPFHEYLDSMFFDRFLQWKWLERQPVTKNTFRQYRVLGKGGFGEVCACQVRATGKMYACKRLEKKRIKKRKGESMALNEKQILEKVNSQFVVNLAYAYETKDALCLVLTIMNGGDLKFHIYNMGNPGFEEERALFYAAEILCGLEDLHRENTVYRDLKPENILLDDYGHIRISDLGLAVKIPEGDLIRGRVGTVGYMAPEVLNNQRYGLSPDYWGLGCLIYEMIEGQSPFRGRKEKVKREEVDRRVLETEEVYSHKFSEEAKSICKMLLTKDAKQRLGCQEEGAAEVKRHPFFRNMNFKRLEAGMLDPPFVPDPRAVYCKDVLDIEQFSTVKGVNLDHTDDDFYSKFSTGSVSIPWQNEMIETECFKELNVFGPNGTLPPDLNRNHPPEPPKKGLLQRLFKRQHQNNSKSSPSSKTSFNHHINSNHVSSNSTGSS,CN[C@H](C(=O)N1CCC[C@H]1C(=O)N[C@@H](CCCNC(=N)N)C(=O)CF)C(C)C,6.853871964321762
MARTVVLITGCSSGIGLHLAVRLASDPSQSFKVYATLRDLKTQGRLWEAARALACPPGSLETLQLDVRDSKSVAAARERVTEGRVDVLVCNAGLGLLGPLEALGEDAVASVLDVNVVGTVRMLQAFLPDMKRRGSGRVLVTGSVGGLMGLPFNDVYCASKFALEGLCESLAVLLLPFGVHLSLIECGPVHTAFMEKVLGSPEEVLDRTDIHTFHRFYQYLAHSKQVFREAAQNPEEVAEVFLTALRAPKPTLRYFTTERFLPLLRMRLDDPSGSNYVTAMHREVFGDVPAKAEAGAEAGGGAGPGAEDEAGRGAVGDPELGDPPAAPQ,CC(=O)N[C@H]1[C@H](C[C@H](O)CO)O[C@@](F)(C(=O)O)[C@H](F)[C@@H]1O,6.815308569182402
MLPSTVQTLTLLLTSGGVLLSLYVSASLSYLLYSDVLLKFSSTKTTAPTMSLECTNASNAQTVNHSATKEMTFPPPEPEWTYPRLSCQGSTFQKALLISPHRFGEIKGNSAPLIIREPFVACGPKECRHFALTHYAAQPGGYYNGTRKDRNKLRHLVSVKLGKIPTVENSIFHMAAWSGSACHDGREWTYIGVDGPDNDALVKIKYGEAYTDTYHSYAHNILRTQESACNCIGGDCYLMITDGSASGISKCRFLKIREGRIIKEILPTGRVEHTEECTCGFASNKTIECACRDNSYTAKRPFVKLNVETDTAEIRLMCTKTYLDTPRPDDGSIAGPCESNGDKWLGGIKGGFVHQRMASKIGRWYSRTMSKTNRMGMELYVKYDGDPWTDSDALTLSGVMVSIEEPGWYSFGFEIKDKKCDVPCIGIEMVHDGGKDTWHSAATAIYCLMGSGQLLWDTVTGVDMAL,Cc1ccc(Cl)cc1N1CCN(C(=O)c2ccc(Cl)c([N+](=O)[O-])c2)CC1,6.7594507517174005
MREIVHIQAGQCGNQIGAKFWEVISDEHGIDPTGTYHGDSDLQLDRISVYYNEATGGKYVPRAILVDLEPGTMDSVRSGPFGQIFRPDNFVFGQSGAGNNWAKGHYTEGAELVDSVLDVVRKEAESCDCLQGFQLTHSLGGGTGSGMGTLLISKIREEYPDRIMNTFSVVPSPKVSDTVVEPYNATLSVHQLVENTDETYCIDNEALYDICFRTLKLTTPTYGDLNHLVSATMSGVTTCLRFPGQLNADLRKLAVNMVPFPRLHFFMPGFAPLTSRGSQQYRALTVPELTQQVFDAKNMMAACDPRHGRYLTVAAVFRGRMSMKEVDEQMLNVQNKNSSYFVEWIPNNVKTAVCDIPPRGLKMAVTFIGNSTAIQELFKRISEQFTAMFRRKAFLHWYTGEGMDEMEFTEAESNMNDLVSEYQQYQDATAEEEEDFGEEAEEEA,CC(=O)N[C@H]1[C@H](C[C@H](O)CO)O[C@@](F)(C(=O)O)[C@H](F)[C@@H]1O,6.7447274948966935
MNPNQKIITIGSISIAIGIISLMLQIGNIISIWASHSIQTGSQNNTGICNQRIITYENSTWVNHTYVNINNTNVVAGEDKTSVTLAGNSSLCSISGWAIYTKDNSIRIGSKGDVFVIREPFISCSHLECRTFFLTQGALLNDKHSNGTVKDRSPYRALMSCPLGEAPSPYNSKFESVAWSASACHDGMGWLTIGISGPDNGAVAVLKYNGIITGTIKSWKKQILRTQESECVCMNGSCFTIMTDGPSNKAASYKIFKIEKGKVTKSIELNAPNFHYEECSCYPDTGIVMCVCRDNWHGSNRPWVSFNQNLDYQIGYICSGVFGDNPRPEDGEGSCNPVTVDGANGVKGFSYKYDNGVWIGRTKSNRLRKGFEMIWDPNGWTNTDSDFSVKQDVVAITDWSGYSGSFVQHPELTGLDCIRPCFWVELVRGLPRENTTIWTSGSSISFCGVNSDTANWSWPDGAELPFTIDK,O=C(CCl)Nc1ccc(Cl)c(S(=O)(=O)NC2CCOC2)c1,6.718966632752273
MLPSTVQTLTLLLTSGGVLLSLYVSASLSYLLYSDVLLKFSSTKTTAPTMSLECTNASNAQTVNHSATKEMTFPPPEPEWTYPRLSCQGSTFQKALLISPHRFGEIKGNSAPLIIREPFVACGPKECRHFALTHYAAQPGGYYNGTRKDRNKLRHLVSVKLGKIPTVENSIFHMAAWSGSACHDGREWTYIGVDGPDNDALVKIKYGEAYTDTYHSYAHNILRTQESACNCIGGDCYLMITDGSASGISKCRFLKIREGRIIKEILPTGRVEHTEECTCGFASNKTIECACRDNSYTAKRPFVKLNVETDTAEIRLMCTKTYLDTPRPDDGSIAGPCESNGDKWLGGIKGGFVHQRMASKIGRWYSRTMSKTNRMGMELYVKYDGDPWTDSDALTLSGVMVSIEEPGWYSFGFEIKDKKCDVPCIGIEMVHDGGKDTWHSAATAIYCLMGSGQLLWDTVTGVDMAL,C[C@]12CC[C@@H]3c4ccc(CBr)cc4CC[C@H]3[C@@H]1C[C@H](Cc1cccc(C(N)=O)c1)[C@@H]2O,6.673664139071248
MELENIVANTVLLKAREGGGGKRKGKSKKWKEILKFPHISQCEDLRRTIDRDYCSLCDKQPIGRLLFRQFCETRPGLECYIQFLDSVAEYEVTPDEKLGEKGKEIMTKYLTPKSPVFIAQVGQDLVSQTEEKLLQKPCKELFSACAQSVHEYLRGEPFHEYLDSMFFDRFLQWKWLERQPVTKNTFRQYRVLGKGGFGEVCACQVRATGKMYACKRLEKKRIKKRKGESMALNEKQILEKVNSQFVVNLAYAYETKDALCLVLTIMNGGDLKFHIYNMGNPGFEEERALFYAAEILCGLEDLHRENTVYRDLKPENILLDDYGHIRISDLGLAVKIPEGDLIRGRVGTVGYMAPEVLNNQRYGLSPDYWGLGCLIYEMIEGQSPFRGRKEKVKREEVDRRVLETEEVYSHKFSEEAKSICKMLLTKDAKQRLGCQEEGAAEVKRHPFFRNMNFKRLEAGMLDPPFVPDPRAVYCKDVLDIEQFSTVKGVNLDHTDDDFYSKFSTGSVSIPWQNEMIETECFKELNVFGPNGTLPPDLNRNHPPEPPKKGLLQRLFKRQHQNNSKSSPSSKTSFNHHINSNHVSSNSTGSS,Cc1[nH]c(/C=C2\C(=O)Nc3ccc(C(=O)N[C@H](C)c4ccccn4)cc32)c(C)c1NC(=O)CCl,6.657577319177793
MLPSTIQTLTLFLTSGGVLLSLYVSASLSYLLYSDILLKFSPTEITAPTMPLDCANASNVQAVNRSATKGVTLLLPEPEWTYPRLSCPGSTFQKALLISPHRFGETKGNSAPLIIREPFIACGPKECKHFALTHYAAQPGGYYNGTRGDRNKLRHLISVKLGKIPTVENSIFHMAAWSGSACHDGKEWTYIGVDGPDNNALLKIKYGEAYTDTYHSYANNILRTQESACNCIGGNCYLMITDGSASGISECRFLKIREGRIIKEIFPTGRVKHTEECTCGFASNKTIECACRDNSYTAKRPFVKLNVETDTAEIRLMCTETYLDTPRPDDGSITGPCESNGDKGSGGIKGGFVHQRMASKIGRWYSRTMSKTKRMGMGLYVKYDGDPWTDSDALALSGVMVSMEEPGWYSFGFEIKDKKCDVPCIGIEMVHDGGKETWHSAATAIYCLMGSGQLLWDTVTGVDMAL,CC(=O)N[C@H]1[C@H](C[C@H](O)CO)O[C@@](F)(C(=O)O)[C@H](F)[C@@H]1O,6.642065152999546
MNPNQKIITIGSISIAIGIISLMLQIGNIISIWASHSIQTGSQNNTGICNQRIITYENSTWVNHTYVNINNTNVVAGEDKTSVTLAGNSSLCSISGWAIYTKDNSIRIGSKGDVFVIREPFISCSHLECRTFFLTQGALLNDKHSNGTVKDRSPYRALMSCPLGEAPSPYNSKFESVAWSASACHDGMGWLTIGISGPDNGAVAVLKYNGIITGTIKSWKKQILRTQESECVCMNGSCFTIMTDGPSNKAASYKIFKIEKGKVTKSIELNAPNFHYEECSCYPDTGIVMCVCRDNWHGSNRPWVSFNQNLDYQIGYICSGVFGDNPRPEDGEGSCNPVTVDGANGVKGFSYKYDNGVWIGRTKSNRLRKGFEMIWDPNGWTNTDSDFSVKQDVVAITDWSGYSGSFVQHPELTGLDCIRPCFWVELVRGLPRENTTIWTSGSSISFCGVNSDTANWSWPDGAELPFTIDK,CC(=O)N[C@H]1[C@H](C[C@H](O)CO)O[C@@](F)(C(=O)O)[C@H](F)[C@@H]1O,6.623423042943488
MLPSTVQTLTLLLTSGGVLLSLYVSASLSYLLYSDVLLKFSSTKTTAPTMSLECTNASNAQTVNHSATKEMTFPPPEPEWTYPRLSCQGSTFQKALLISPHRFGEIKGNSAPLIIREPFVACGPKECRHFALTHYAAQPGGYYNGTRKDRNKLRHLVSVKLGKIPTVENSIFHMAAWSGSACHDGREWTYIGVDGPDNDALVKIKYGEAYTDTYHSYAHNILRTQESACNCIGGDCYLMITDGSASGISKCRFLKIREGRIIKEILPTGRVEHTEECTCGFASNKTIECACRDNSYTAKRPFVKLNVETDTAEIRLMCTKTYLDTPRPDDGSIAGPCESNGDKWLGGIKGGFVHQRMASKIGRWYSRTMSKTNRMGMELYVKYDGDPWTDSDALTLSGVMVSIEEPGWYSFGFEIKDKKCDVPCIGIEMVHDGGKDTWHSAATAIYCLMGSGQLLWDTVTGVDMAL,CC(=O)N[C@@H]1[C@@H](O)[C@@H](F)[C@](F)(C(=O)O)O[C@H]1[C@H](O)[C@H](O)CO,6.6020599913279625
MNPNQKIITIGSICMVIGIVSLMLQIGNMISIWVSHSIQTGNQRQAEPISNTKFLTEKAVASVTLAGNSSLCPISGWAVYSKDNSIRIGSRGDVFVIREPFISCSHLECRTFFLTQGALLNDKHSNGTVKDRSPHRTLMSCPVGEAPSPYNSRFESVAWSASACHDGTSWLTIGISGPDNGAVAVLKYNGIITDTIKSWRNNILRTQESECACVNGSCFTVMTDGPSSGQASYKIFKMEKGKVVKSVELDAPNYHYEECSCYPDAGEITCVCRDNWHGSNRPWVSFNQNLEYQIGYICSGVFGDNPRPNDGTGSCGPVSPNGAYGVKGFSFKYGNGVWIGRTKSTNSRSGFEMIWDPNGWTGTDSSFSVKQDIVAITDWSGYSGSFVQHPELTGLDCIRPCFWVELIRGRPKESTIWTSGSSISFCGVNSDTVSWSWPDGAELPFTIDK,CC(=O)N[C@@H]1C[C@@H](F)[C@](F)(C(=O)O)O[C@H]1[C@H](O)[C@H](O)CO,6.55129368009492
MREIVHIQAGQCGNQIGAKFWEVISDEHGIDPTGTYHGDSDLQLDRISVYYNEATGGKYVPRAILVDLEPGTMDSVRSGPFGQIFRPDNFVFGQSGAGNNWAKGHYTEGAELVDSVLDVVRKEAESCDCLQGFQLTHSLGGGTGSGMGTLLISKIREEYPDRIMNTFSVVPSPKVSDTVVEPYNATLSVHQLVENTDETYCIDNEALYDICFRTLKLTTPTYGDLNHLVSATMSGVTTCLRFPGQLNADLRKLAVNMVPFPRLHFFMPGFAPLTSRGSQQYRALTVPELTQQVFDAKNMMAACDPRHGRYLTVAAVFRGRMSMKEVDEQMLNVQNKNSSYFVEWIPNNVKTAVCDIPPRGLKMAVTFIGNSTAIQELFKRISEQFTAMFRRKAFLHWYTGEGMDEMEFTEAESNMNDLVSEYQQYQDATAEEEEDFGEEAEEEA,Nc1ncnc2c1ncn2[C@@H]1C(F)=C(CO)[C@@H](O)[C@H]1O,6.5376020021010435
MNPNQKIITIGSVSLTIATVCFLMQIAILVTTVTLHFKQYECDSPANNQVMPCEPIIIERNITEIVYLTNTTIEKEICPKLVEYRNWSKPQCKITGFAPFSKDNSIRLSAGGDIWVTREPYVSCDPGKCYQFALGQGTTLDNKHSNDTIHDRIPHRTLLMNELGVPFHLGTRQVCIAWSSSSCHDGKAWLHVCVTGDDKNATASFIYDGRLVDSIGSWSQNILRTQESECVCINGTCTVVMTDGSASGRADTRILFIEEGKIVHISPLSGSAQHVEECSCYPRYPGVRCICRDNWKGSNRPVVDINVKDYSIDSRYVCSGLVGDTPRNNDRSSNSNCRNPNNDKGNHGVKGWAFDDGNDVWMGRTISKDSRSGYETFKVIGGWSTPNSKSQINRQVIVDSDNRSGYSGIFSVEGKSCINRCFYVELIRGREQETRVWWTSNSIVVFCGTSGTYGTGSWPDGADINLMPI,CC(=O)N[C@@H]1C[C@@H](F)[C@](F)(C(=O)O)O[C@H]1[C@H](O)[C@H](O)CO,6.504455662453552
MNPNQKIITIGSICMVVGIISLILQIGNIISIWISHSIQTGNQNHTGICNQGSITYKVVAGQDSTSVILTGNSSLCPIRGWAIHSKDNGIRIGSKGDVFVIREPFISCSHLECRTFFLTQGALLNDKHSRGTFKDRSPYRALMSCPVGEAPSPYNSRFESVAWSASACHDGMGWLTIGISGPDDGAVAVLKYNGIITETIKSWRKNILRTQESECTCVNGSCFTIMTDGPSDGLASYKIFKIEKGKVTKSIELNAPNSHYEECSCYPDTGKVMCVCRDNWHGSNRPWVSFDQNLDYKIGYICSGVFGDNPRPKDGTGSCGPVSADGANGVKGFSYKYGNGVWIGRTKSDSSRHGFEMIWDPNGWTETDSRFSMRQDVVAMTDRSGYSGSFVQHPELTGLDCMRPCFWVELIRGLPEENAIWTSGSIISFCGVNSDTVDWSWPDGAELPFTIDK,CC(=O)N[C@@H]1C[C@@H](F)[C@](F)(C(=O)O)O[C@H]1[C@H](O)[C@H](O)CO,6.5003129173815966
MNPNQKIITIGSICMVIGIVSLMLQIGNMISIWVSHSIQTGNQRQAEPISNTKFLTEKAVASVTLAGNSSLCPISGWAVYSKDNSIRIGSRGDVFVIREPFISCSHLECRTFFLTQGALLNDKHSNGTVKDRSPHRTLMSCPVGEAPSPYNSRFESVAWSASACHDGTSWLTIGISGPDNGAVAVLKYNGIITDTIKSWRNNILRTQESECACVNGSCFTVMTDGPSSGQASYKIFKMEKGKVVKSVELDAPNYHYEECSCYPDAGEITCVCRDNWHGSNRPWVSFNQNLEYQIGYICSGVFGDNPRPNDGTGSCGPVSPNGAYGVKGFSFKYGNGVWIGRTKSTNSRSGFEMIWDPNGWTGTDSSFSVKQDIVAITDWSGYSGSFVQHPELTGLDCIRPCFWVELIRGRPKESTIWTSGSSISFCGVNSDTVSWSWPDGAELPFTIDK,O=C(CBr)c1ccc(Br)cc1,6.5003129173815966
MNPNQKIITIGSVSLTIATVCFLMQIAILVTTVTLHFKQYECDSPANNQVMPCEPIIIERNITEIVYLTNTTIEKEICPKLVEYRNWSKPQCKITGFAPFSKDNSIRLSAGGDIWVTREPYVSCDPGKCYQFALGQGTTLDNKHSNDTIHDRIPHRTLLMNELGVPFHLGTRQVCIAWSSSSCHDGKAWLHVCVTGDDKNATASFIYDGRLVDSIGSWSQNILRTQESECVCINGTCTVVMTDGSASGRADTRILFIEEGKIVHISPLSGSAQHVEECSCYPRYPGVRCICRDNWKGSNRPVVDINVKDYSIDSRYVCSGLVGDTPRNNDRSSNSNCRNPNNDKGNHGVKGWAFDDGNDVWMGRTISKDSRSGYETFKVIGGWSTPNSKSQINRQVIVDSDNRSGYSGIFSVEGKSCINRCFYVELIRGREQETRVWWTSNSIVVFCGTSGTYGTGSWPDGADINLMPI,Nc1c(Br)cc(C(=O)C(Br)Br)cc1Br,6.497572880015567
MNPNQKIITIGSICMVVGIISLILQIGNIISIWISHSIQTGNQNHTGICNQGSITYKVVAGQDSTSVILTGNSSLCPIRGWAIHSKDNGIRIGSKGDVFVIREPFISCSHLECRTFFLTQGALLNDKHSRGTFKDRSPYRALMSCPVGEAPSPYNSRFESVAWSASACHDGMGWLTIGISGPDDGAVAVLKYNGIITETIKSWRKNILRTQESECTCVNGSCFTIMTDGPSDGLASYKIFKIEKGKVTKSIELNAPNSHYEECSCYPDTGKVMCVCRDNWHGSNRPWVSFDQNLDYKIGYICSGVFGDNPRPKDGTGSCGPVSADGANGVKGFSYKYGNGVWIGRTKSDSSRHGFEMIWDPNGWTETDSRFSMRQDVVAMTDRSGYSGSFVQHPELTGLDCMRPCFWVELIRGLPEENAIWTSGSIISFCGVNSDTVDWSWPDGAELPFTIDK,COc1ccc(-n2cnc3cc(C(=O)CBr)ccc32)cc1,6.481486060122113
MSGESARSLGKGSAPPGPVPEGSIRIYSMRFCPFAERTRLVLKAKGIRHEVININLKNKPEWFFKKNPFGLVPVLENSQGQLIYESAITCEYLDEAYPGKKLLPDDPYEKACQKMILELFSKVPSLVGSFIRSQNKEDYAGLKEEFRKEFTKLEEVLTNKKTTFFGGNSISMIDYLIWPWFERLEAMKLNECVDHTPKLKLWMAAMKEDPTVSALLTSEKDWQGFLELYLQNSPEACDYGL,CNS(=O)(=O)c1cc(NC(=O)CCl)ccc1Cl,6.468521082957745
MLPSTIQTLTLFLTSGGVLLSLYVSASLSYLLYSDILLKFSPTEITAPTMPLDCANASNVQAVNRSATKGVTLLLPEPEWTYPRLSCPGSTFQKALLISPHRFGETKGNSAPLIIREPFIACGPKECKHFALTHYAAQPGGYYNGTRGDRNKLRHLISVKLGKIPTVENSIFHMAAWSGSACHDGKEWTYIGVDGPDNNALLKIKYGEAYTDTYHSYANNILRTQESACNCIGGNCYLMITDGSASGISECRFLKIREGRIIKEIFPTGRVKHTEECTCGFASNKTIECACRDNSYTAKRPFVKLNVETDTAEIRLMCTETYLDTPRPDDGSITGPCESNGDKGSGGIKGGFVHQRMASKIGRWYSRTMSKTKRMGMGLYVKYDGDPWTDSDALALSGVMVSMEEPGWYSFGFEIKDKKCDVPCIGIEMVHDGGKETWHSAATAIYCLMGSGQLLWDTVTGVDMAL,CC(=O)N[C@@H]1[C@@H](O)[C@@H](F)[C@](F)(C(=O)O)O[C@H]1[C@H](O)[C@H](O)CO,6.382999658879101
MNPNQKIITIGSICMVVGIISLILQIGNIISIWISHSIQTGNQNHTGICNQGSITYKVVAGQDSTSVILTGNSSLCPIRGWAIHSKDNGIRIGSKGDVFVIREPFISCSHLECRTFFLTQGALLNDKHSRGTFKDRSPYRALMSCPVGEAPSPYNSRFESVAWSASACHDGMGWLTIGISGPDDGAVAVLKYNGIITETIKSWRKNILRTQESECTCVNGSCFTIMTDGPSDGLASYKIFKIEKGKVTKSIELNAPNSHYEECSCYPDTGKVMCVCRDNWHGSNRPWVSFDQNLDYKIGYICSGVFGDNPRPKDGTGSCGPVSADGANGVKGFSYKYGNGVWIGRTKSDSSRHGFEMIWDPNGWTETDSRFSMRQDVVAMTDRSGYSGSFVQHPELTGLDCMRPCFWVELIRGLPEENAIWTSGSIISFCGVNSDTVDWSWPDGAELPFTIDK,O=C(c1ccc(Cl)c([N+](=O)[O-])c1)N1CCN(c2cccc(Cl)c2)CC1,6.3788237182249645
MNPNQKIITIGSICMVVGIISLILQIGNIISIWISHSIQTGNQNHTGICNQGSITYKVVAGQDSTSVILTGNSSLCPIRGWAIHSKDNGIRIGSKGDVFVIREPFISCSHLECRTFFLTQGALLNDKHSRGTFKDRSPYRALMSCPVGEAPSPYNSRFESVAWSASACHDGMGWLTIGISGPDDGAVAVLKYNGIITETIKSWRKNILRTQESECTCVNGSCFTIMTDGPSDGLASYKIFKIEKGKVTKSIELNAPNSHYEECSCYPDTGKVMCVCRDNWHGSNRPWVSFDQNLDYKIGYICSGVFGDNPRPKDGTGSCGPVSADGANGVKGFSYKYGNGVWIGRTKSDSSRHGFEMIWDPNGWTETDSRFSMRQDVVAMTDRSGYSGSFVQHPELTGLDCMRPCFWVELIRGLPEENAIWTSGSIISFCGVNSDTVDWSWPDGAELPFTIDK,O=C(CCl)Nc1ccc(Cl)c(S(=O)(=O)NCCO)c1,6.368556230986828
MELENIVANTVLLKAREGGGGKRKGKSKKWKEILKFPHISQCEDLRRTIDRDYCSLCDKQPIGRLLFRQFCETRPGLECYIQFLDSVAEYEVTPDEKLGEKGKEIMTKYLTPKSPVFIAQVGQDLVSQTEEKLLQKPCKELFSACAQSVHEYLRGEPFHEYLDSMFFDRFLQWKWLERQPVTKNTFRQYRVLGKGGFGEVCACQVRATGKMYACKRLEKKRIKKRKGESMALNEKQILEKVNSQFVVNLAYAYETKDALCLVLTIMNGGDLKFHIYNMGNPGFEEERALFYAAEILCGLEDLHRENTVYRDLKPENILLDDYGHIRISDLGLAVKIPEGDLIRGRVGTVGYMAPEVLNNQRYGLSPDYWGLGCLIYEMIEGQSPFRGRKEKVKREEVDRRVLETEEVYSHKFSEEAKSICKMLLTKDAKQRLGCQEEGAAEVKRHPFFRNMNFKRLEAGMLDPPFVPDPRAVYCKDVLDIEQFSTVKGVNLDHTDDDFYSKFSTGSVSIPWQNEMIETECFKELNVFGPNGTLPPDLNRNHPPEPPKKGLLQRLFKRQHQNNSKSSPSSKTSFNHHINSNHVSSNSTGSS,COc1ccc(CNC(=O)Nc2nc3ccc(C(=O)CBr)cc3s2)cc1,6.346787486224656
MNPNQKIITIGSICMVVGIISLILQIGNIISIWISHSIQTGNQNHTGICNQGSITYKVVAGQDSTSVILTGNSSLCPIRGWAIHSKDNGIRIGSKGDVFVIREPFISCSHLECRTFFLTQGALLNDKHSRGTFKDRSPYRALMSCPVGEAPSPYNSRFESVAWSASACHDGMGWLTIGISGPDDGAVAVLKYNGIITETIKSWRKNILRTQESECTCVNGSCFTIMTDGPSDGLASYKIFKIEKGKVTKSIELNAPNSHYEECSCYPDTGKVMCVCRDNWHGSNRPWVSFDQNLDYKIGYICSGVFGDNPRPKDGTGSCGPVSADGANGVKGFSYKYGNGVWIGRTKSDSSRHGFEMIWDPNGWTETDSRFSMRQDVVAMTDRSGYSGSFVQHPELTGLDCMRPCFWVELIRGLPEENAIWTSGSIISFCGVNSDTVDWSWPDGAELPFTIDK,Cc1ccc(C[C@@H](C)NC(=O)c2ccc3c(c2)/C(=C/c2[nH]c(C)c(NC(=O)CCl)c2C)C(=O)N3)cc1,6.34008379993015
MREIVHIQAGQCGNQIGAKFWEVISDEHGIDPTGTYHGDSDLQLDRISVYYNEATGGKYVPRAILVDLEPGTMDSVRSGPFGQIFRPDNFVFGQSGAGNNWAKGHYTEGAELVDSVLDVVRKEAESCDCLQGFQLTHSLGGGTGSGMGTLLISKIREEYPDRIMNTFSVVPSPKVSDTVVEPYNATLSVHQLVENTDETYCIDNEALYDICFRTLKLTTPTYGDLNHLVSATMSGVTTCLRFPGQLNADLRKLAVNMVPFPRLHFFMPGFAPLTSRGSQQYRALTVPELTQQVFDAKNMMAACDPRHGRYLTVAAVFRGRMSMKEVDEQMLNVQNKNSSYFVEWIPNNVKTAVCDIPPRGLKMAVTFIGNSTAIQELFKRISEQFTAMFRRKAFLHWYTGEGMDEMEFTEAESNMNDLVSEYQQYQDATAEEEEDFGEEAEEEA,Cc1ccc(NC(=O)c2ccc(CNC(=O)CCl)cc2)cc1Nc1nccc(-c2cccnc2)n1,6.33913452199613
MNPNQKIITIGSICMVVGIISLILQIGNIISIWISHSIQTGNQNHTGICNQGSITYKVVAGQDSTSVILTGNSSLCPIRGWAIHSKDNGIRIGSKGDVFVIREPFISCSHLECRTFFLTQGALLNDKHSRGTFKDRSPYRALMSCPVGEAPSPYNSRFESVAWSASACHDGMGWLTIGISGPDDGAVAVLKYNGIITETIKSWRKNILRTQESECTCVNGSCFTIMTDGPSDGLASYKIFKIEKGKVTKSIELNAPNSHYEECSCYPDTGKVMCVCRDNWHGSNRPWVSFDQNLDYKIGYICSGVFGDNPRPKDGTGSCGPVSADGANGVKGFSYKYGNGVWIGRTKSDSSRHGFEMIWDPNGWTETDSRFSMRQDVVAMTDRSGYSGSFVQHPELTGLDCMRPCFWVELIRGLPEENAIWTSGSIISFCGVNSDTVDWSWPDGAELPFTIDK,CC(=O)N[C@@H]1[C@@H](O)[C@@H](F)[C@](F)(C(=O)O)O[C@H]1[C@H](O)[C@H](O)CO,6.337242168318426
MNPNQKIITIGSISIAIGIISLMLQIGNIISIWASHSIQTGSQNNTGICNQRIITYENSTWVNHTYVNINNTNVVAGEDKTSVTLAGNSSLCSISGWAIYTKDNSIRIGSKGDVFVIREPFISCSHLECRTFFLTQGALLNDKHSNGTVKDRSPYRALMSCPLGEAPSPYNSKFESVAWSASACHDGMGWLTIGISGPDNGAVAVLKYNGIITGTIKSWKKQILRTQESECVCMNGSCFTIMTDGPSNKAASYKIFKIEKGKVTKSIELNAPNFHYEECSCYPDTGIVMCVCRDNWHGSNRPWVSFNQNLDYQIGYICSGVFGDNPRPEDGEGSCNPVTVDGANGVKGFSYKYDNGVWIGRTKSNRLRKGFEMIWDPNGWTNTDSDFSVKQDVVAITDWSGYSGSFVQHPELTGLDCIRPCFWVELVRGLPRENTTIWTSGSSISFCGVNSDTANWSWPDGAELPFTIDK,CC(=O)N[C@@H]1[C@@H](O)[C@@H](F)[C@](F)(C(=O)O)O[C@H]1[C@H](O)[C@H](O)CO,6.3325470471100465
MNPNQKIITIGSICMVVGIISLILQIGNIISIWISHSIQTGNQNHTGICNQGSITYKVVAGQDSTSVILTGNSSLCPIRGWAIHSKDNGIRIGSKGDVFVIREPFISCSHLECRTFFLTQGALLNDKHSRGTFKDRSPYRALMSCPVGEAPSPYNSRFESVAWSASACHDGMGWLTIGISGPDDGAVAVLKYNGIITETIKSWRKNILRTQESECTCVNGSCFTIMTDGPSDGLASYKIFKIEKGKVTKSIELNAPNSHYEECSCYPDTGKVMCVCRDNWHGSNRPWVSFDQNLDYKIGYICSGVFGDNPRPKDGTGSCGPVSADGANGVKGFSYKYGNGVWIGRTKSDSSRHGFEMIWDPNGWTETDSRFSMRQDVVAMTDRSGYSGSFVQHPELTGLDCMRPCFWVELIRGLPEENAIWTSGSIISFCGVNSDTVDWSWPDGAELPFTIDK,CC(C)[C@@H](C(=O)N1CCC[C@H]1C(=O)N[C@@H](CCCNC(=N)N)C(=O)CF)N(C)C(=O)OCc1ccccc1,6.327902142064283
MNPNQKIITIGSVSLTIATVCFLMQIAILVTTVTLHFKQYECDSPANNQVMPCEPIIIERNITEIVYLTNTTIEKEICPKLVEYRNWSKPQCKITGFAPFSKDNSIRLSAGGDIWVTREPYVSCDPGKCYQFALGQGTTLDNKHSNDTIHDRIPHRTLLMNELGVPFHLGTRQVCIAWSSSSCHDGKAWLHVCVTGDDKNATASFIYDGRLVDSIGSWSQNILRTQESECVCINGTCTVVMTDGSASGRADTRILFIEEGKIVHISPLSGSAQHVEECSCYPRYPGVRCICRDNWKGSNRPVVDINVKDYSIDSRYVCSGLVGDTPRNNDRSSNSNCRNPNNDKGNHGVKGWAFDDGNDVWMGRTISKDSRSGYETFKVIGGWSTPNSKSQINRQVIVDSDNRSGYSGIFSVEGKSCINRCFYVELIRGREQETRVWWTSNSIVVFCGTSGTYGTGSWPDGADINLMPI,Cc1ccc(Cl)cc1N1CCN(C(=O)c2ccc(F)c([N+](=O)[O-])c2)CC1,6.3260580013659125
MSDKLPYKVADIGLAAWGRKALDIAENEMPGLMRMRERYSASKPLKGARIAGCLHMTVETAVLIETLVTLGAEVQWSSCNIFSTQDHAAAAIAKAGIPVYAWKGETDEEYLWCIEQTLYFKDGPLNMILDDGGDLTNLIHTKYPQLLPGIRGISEETTTGVHNLYKMMANGILKVPAINVNDSVTKSKFDNLYGCRESLIDGIKRATDVMIAGKVAVVAGYGDVGKGCAQALRGFGARVIITEIDPINALQAAMEGYEVTTMDEACQEGNIFVTTTGCIDIILGRHFEQMKDDAIVCNIGHFDVEIDVKWLNENAVEKVNIKPQVDRYRLKNGRRIILLAEGRLVNLGCAMGHPSFVMSNSFTNQVMAQIELWTHPDKYPVGVHFLPKKLDEAVAEAHLGKLNVKLTKLTEKQAQYLGMSCDGPFKPDHYRY,O=C(c1ccc(Cl)c([N+](=O)[O-])c1)N1CCN(c2cccc(Br)c2)CC1,6.318758762624412
MSGRPRTTSFAESCKPVQQPSAFGSMKVSRDKDGSKVTTVVATPGQGPDRPQEVSYTDTKVIGNGSFGVVYQAKLCDSGELVAIKKVLQDKRFKNRELQIMRKLDHCNIVRLRYFFYSSGEKKDEVYLNLVLDYVPETVYRVARHYSRAKQTLPVIYVKLYMYQLFRSLAYIHSFGICHRDIKPQNLLLDPDTAVLKLCDFGSAKQLVRGEPNVSYICSRYYRAPELIFGATDYTSSIDVWSAGCVLAELLLGQPIFPGDSGVDQLVEIIKVLGTPTREQIREMNPNYTEFKFPQIKAHPWTKVFRPRTPPEAIALCSRLLEYTPTARLTPLEACAHSFFDELRDPNVKLPNGRDTPALFNFTTQELSSNPPLATILIPPHARIQAAASTPTNATAASDANTGDRGQTNNAASASASNST,CC(=O)N[C@@H]1[C@@H](O)[C@@H](F)[C@](F)(C(=O)O)O[C@H]1[C@H](O)[C@H](O)CO,6.301029995663981
MSGRPRTTSFAESCKPVQQPSAFGSMKVSRDKDGSKVTTVVATPGQGPDRPQEVSYTDTKVIGNGSFGVVYQAKLCDSGELVAIKKVLQDKRFKNRELQIMRKLDHCNIVRLRYFFYSSGEKKDEVYLNLVLDYVPETVYRVARHYSRAKQTLPVIYVKLYMYQLFRSLAYIHSFGICHRDIKPQNLLLDPDTAVLKLCDFGSAKQLVRGEPNVSYICSRYYRAPELIFGATDYTSSIDVWSAGCVLAELLLGQPIFPGDSGVDQLVEIIKVLGTPTREQIREMNPNYTEFKFPQIKAHPWTKVFRPRTPPEAIALCSRLLEYTPTARLTPLEACAHSFFDELRDPNVKLPNGRDTPALFNFTTQELSSNPPLATILIPPHARIQAAASTPTNATAASDANTGDRGQTNNAASASASNST,CC(=O)N[C@@H]1C[C@@H](F)[C@](F)(C(=O)O)O[C@H]1[C@H](O)[C@H](O)CO,6.301029995663981
MNPNQKIITIGSICMVIGIVSLMLQIGNMISIWVSHSIQTGNQRQAEPISNTKFLTEKAVASVTLAGNSSLCPISGWAVYSKDNSIRIGSRGDVFVIREPFISCSHLECRTFFLTQGALLNDKHSNGTVKDRSPHRTLMSCPVGEAPSPYNSRFESVAWSASACHDGTSWLTIGISGPDNGAVAVLKYNGIITDTIKSWRNNILRTQESECACVNGSCFTVMTDGPSSGQASYKIFKMEKGKVVKSVELDAPNYHYEECSCYPDAGEITCVCRDNWHGSNRPWVSFNQNLEYQIGYICSGVFGDNPRPNDGTGSCGPVSPNGAYGVKGFSFKYGNGVWIGRTKSTNSRSGFEMIWDPNGWTGTDSSFSVKQDIVAITDWSGYSGSFVQHPELTGLDCIRPCFWVELIRGRPKESTIWTSGSSISFCGVNSDTVSWSWPDGAELPFTIDK,COc1ccc(C(=O)CBr)cc1,6.2716462179787715
MSGRPRTTSFAESCKPVQQPSAFGSMKVSRDKDGSKVTTVVATPGQGPDRPQEVSYTDTKVIGNGSFGVVYQAKLCDSGELVAIKKVLQDKRFKNRELQIMRKLDHCNIVRLRYFFYSSGEKKDEVYLNLVLDYVPETVYRVARHYSRAKQTLPVIYVKLYMYQLFRSLAYIHSFGICHRDIKPQNLLLDPDTAVLKLCDFGSAKQLVRGEPNVSYICSRYYRAPELIFGATDYTSSIDVWSAGCVLAELLLGQPIFPGDSGVDQLVEIIKVLGTPTREQIREMNPNYTEFKFPQIKAHPWTKVFRPRTPPEAIALCSRLLEYTPTARLTPLEACAHSFFDELRDPNVKLPNGRDTPALFNFTTQELSSNPPLATILIPPHARIQAAASTPTNATAASDANTGDRGQTNNAASASASNST,O=C(CBr)c1ccc(Cl)cc1,6.236572006437063
MSGESARSLGKGSAPPGPVPEGSIRIYSMRFCPFAERTRLVLKAKGIRHEVININLKNKPEWFFKKNPFGLVPVLENSQGQLIYESAITCEYLDEAYPGKKLLPDDPYEKACQKMILELFSKVPSLVGSFIRSQNKEDYAGLKEEFRKEFTKLEEVLTNKKTTFFGGNSISMIDYLIWPWFERLEAMKLNECVDHTPKLKLWMAAMKEDPTVSALLTSEKDWQGFLELYLQNSPEACDYGL,N#Cc1cccc(C(=O)CBr)c1,6.236572006437063
MNPNQKIITIGSICMVIGIVSLMLQIGNMISIWVSHSIQTGNQRQAEPISNTKFLTEKAVASVTLAGNSSLCPISGWAVYSKDNSIRIGSRGDVFVIREPFISCSHLECRTFFLTQGALLNDKHSNGTVKDRSPHRTLMSCPVGEAPSPYNSRFESVAWSASACHDGTSWLTIGISGPDNGAVAVLKYNGIITDTIKSWRNNILRTQESECACVNGSCFTVMTDGPSSGQASYKIFKMEKGKVVKSVELDAPNYHYEECSCYPDAGEITCVCRDNWHGSNRPWVSFNQNLEYQIGYICSGVFGDNPRPNDGTGSCGPVSPNGAYGVKGFSFKYGNGVWIGRTKSTNSRSGFEMIWDPNGWTGTDSSFSVKQDIVAITDWSGYSGSFVQHPELTGLDCIRPCFWVELIRGRPKESTIWTSGSSISFCGVNSDTVSWSWPDGAELPFTIDK,N#Cc1cccc(C(=O)C(Br)Br)c1,6.2343314452409855
MREIVHIQAGQCGNQIGAKFWEVISDEHGIDPTGTYHGDSDLQLDRISVYYNEATGGKYVPRAILVDLEPGTMDSVRSGPFGQIFRPDNFVFGQSGAGNNWAKGHYTEGAELVDSVLDVVRKEAESCDCLQGFQLTHSLGGGTGSGMGTLLISKIREEYPDRIMNTFSVVPSPKVSDTVVEPYNATLSVHQLVENTDETYCIDNEALYDICFRTLKLTTPTYGDLNHLVSATMSGVTTCLRFPGQLNADLRKLAVNMVPFPRLHFFMPGFAPLTSRGSQQYRALTVPELTQQVFDAKNMMAACDPRHGRYLTVAAVFRGRMSMKEVDEQMLNVQNKNSSYFVEWIPNNVKTAVCDIPPRGLKMAVTFIGNSTAIQELFKRISEQFTAMFRRKAFLHWYTGEGMDEMEFTEAESNMNDLVSEYQQYQDATAEEEEDFGEEAEEEA,Cc1ccc(Cl)cc1N1CCN(C(=O)c2ccc(Cl)c([N+](=O)[O-])c2)CC1,6.226945306635737
MNPNQKIITIGSICMVVGIISLILQIGNIISIWISHSIQTGNQNHTGICNQGSITYKVVAGQDSTSVILTGNSSLCPIRGWAIHSKDNGIRIGSKGDVFVIREPFISCSHLECRTFFLTQGALLNDKHSRGTFKDRSPYRALMSCPVGEAPSPYNSRFESVAWSASACHDGMGWLTIGISGPDDGAVAVLKYNGIITETIKSWRKNILRTQESECTCVNGSCFTIMTDGPSDGLASYKIFKIEKGKVTKSIELNAPNSHYEECSCYPDTGKVMCVCRDNWHGSNRPWVSFDQNLDYKIGYICSGVFGDNPRPKDGTGSCGPVSADGANGVKGFSYKYGNGVWIGRTKSDSSRHGFEMIWDPNGWTETDSRFSMRQDVVAMTDRSGYSGSFVQHPELTGLDCMRPCFWVELIRGLPEENAIWTSGSIISFCGVNSDTVDWSWPDGAELPFTIDK,Cc1[nH]c(/C=C2\C(=O)Nc3ccc(C(=O)N[C@H](C)c4ccccc4)cc32)c(C)c1NC(=O)CCl,6.221125527997261
MSGESARSLGKGSAPPGPVPEGSIRIYSMRFCPFAERTRLVLKAKGIRHEVININLKNKPEWFFKKNPFGLVPVLENSQGQLIYESAITCEYLDEAYPGKKLLPDDPYEKACQKMILELFSKVPSLVGSFIRSQNKEDYAGLKEEFRKEFTKLEEVLTNKKTTFFGGNSISMIDYLIWPWFERLEAMKLNECVDHTPKLKLWMAAMKEDPTVSALLTSEKDWQGFLELYLQNSPEACDYGL,Cc1ccc(NC(=O)c2ccc(CNC(=O)CCl)cc2)cc1Nc1nccc(-c2cccnc2)n1,6.154901959985743
MNPNQKIITIGSICMVVGIISLILQIGNIISIWISHSIQTGNQNHTGICNQGSITYKVVAGQDSTSVILTGNSSLCPIRGWAIHSKDNGIRIGSKGDVFVIREPFISCSHLECRTFFLTQGALLNDKHSRGTFKDRSPYRALMSCPVGEAPSPYNSRFESVAWSASACHDGMGWLTIGISGPDDGAVAVLKYNGIITETIKSWRKNILRTQESECTCVNGSCFTIMTDGPSDGLASYKIFKIEKGKVTKSIELNAPNSHYEECSCYPDTGKVMCVCRDNWHGSNRPWVSFDQNLDYKIGYICSGVFGDNPRPKDGTGSCGPVSADGANGVKGFSYKYGNGVWIGRTKSDSSRHGFEMIWDPNGWTETDSRFSMRQDVVAMTDRSGYSGSFVQHPELTGLDCMRPCFWVELIRGLPEENAIWTSGSIISFCGVNSDTVDWSWPDGAELPFTIDK,O=c1[nH]c(=O)n([C@@H]2O[C@H](COP(=O)(O)O)[C@@H](O)[C@H]2O)c(I)c1F,6.1487416512809245
MSGRPRTTSFAESCKPVQQPSAFGSMKVSRDKDGSKVTTVVATPGQGPDRPQEVSYTDTKVIGNGSFGVVYQAKLCDSGELVAIKKVLQDKRFKNRELQIMRKLDHCNIVRLRYFFYSSGEKKDEVYLNLVLDYVPETVYRVARHYSRAKQTLPVIYVKLYMYQLFRSLAYIHSFGICHRDIKPQNLLLDPDTAVLKLCDFGSAKQLVRGEPNVSYICSRYYRAPELIFGATDYTSSIDVWSAGCVLAELLLGQPIFPGDSGVDQLVEIIKVLGTPTREQIREMNPNYTEFKFPQIKAHPWTKVFRPRTPPEAIALCSRLLEYTPTARLTPLEACAHSFFDELRDPNVKLPNGRDTPALFNFTTQELSSNPPLATILIPPHARIQAAASTPTNATAASDANTGDRGQTNNAASASASNST,C#CCOc1cccc(N2CCN(C(=O)c3ccc(Cl)c([N+](=O)[O-])c3)CC2)c1,6.113509274827518
MELENIVANTVLLKAREGGGGKRKGKSKKWKEILKFPHISQCEDLRRTIDRDYCSLCDKQPIGRLLFRQFCETRPGLECYIQFLDSVAEYEVTPDEKLGEKGKEIMTKYLTPKSPVFIAQVGQDLVSQTEEKLLQKPCKELFSACAQSVHEYLRGEPFHEYLDSMFFDRFLQWKWLERQPVTKNTFRQYRVLGKGGFGEVCACQVRATGKMYACKRLEKKRIKKRKGESMALNEKQILEKVNSQFVVNLAYAYETKDALCLVLTIMNGGDLKFHIYNMGNPGFEEERALFYAAEILCGLEDLHRENTVYRDLKPENILLDDYGHIRISDLGLAVKIPEGDLIRGRVGTVGYMAPEVLNNQRYGLSPDYWGLGCLIYEMIEGQSPFRGRKEKVKREEVDRRVLETEEVYSHKFSEEAKSICKMLLTKDAKQRLGCQEEGAAEVKRHPFFRNMNFKRLEAGMLDPPFVPDPRAVYCKDVLDIEQFSTVKGVNLDHTDDDFYSKFSTGSVSIPWQNEMIETECFKELNVFGPNGTLPPDLNRNHPPEPPKKGLLQRLFKRQHQNNSKSSPSSKTSFNHHINSNHVSSNSTGSS,CN(C)S(=O)(=O)c1cc(NC(=O)CCl)ccc1C(F)(F)F,6.107905397309519
MRGARGAWDFLCVLLLLLRVQTGSSQPSVSPGEPSPPSIHPGKSDLIVRVGDEIRLLCTDPGFVKWTFEILDETNENKQNEWITEKAEATNTGKYTCTNKHGLSNSIYVFVRDPAKLFLVDRSLYGKEDNDTLVRCPLTDPEVTNYSLKGCQGKPLPKDLRFIPDPKAGIMIKSVKRAYHRLCLHCSVDQEGKSVLSEKFILKVRPAFKAVPVVSVSKASYLLREGEEFTVTCTIKDVSSSVYSTWKRENSQTKLQEKYNSWHHGDFNYERQATLTISSARVNDSGVFMCYANNTFGSANVTTTLEVVDKGFINIFPMINTTVFVNDGENVDLIVEYEAFPKPEHQQWIYMNRTFTDKWEDYPKSENESNIRYVSELHLTRLKGTEGGTYTFLVSNSDVNAAIAFNVYVNTKPEILTYDRLVNGMLQCVAAGFPEPTIDWYFCPGTEQRCSASVLPVDVQTLNSSGPPFGKLVVQSSIDSSAFKHNGTVECKAYNDVGKTSAYFNFAFKGNNKEQIHPHTLFTPLLIGFVIVAGMMCIIVMILTYKYLQKPMYEVQWKVVEEINGNNYVYIDPTQLPYDHKWEFPRNRLSFGKTLGAGAFGKVVEATAYGLIKSDAAMTVAVKMLKPSAHLTEREALMSELKVLSYLGNHMNIVNLLGACTIGGPTLVITEYCCYGDLLNFLRRKRDSFICSKQEDHAEAALYKNLLHSKESSCSDSTNEYMDMKPGVSYVVPTKADKRRSVRIGSYIERDVTPAIMEDDELALDLEDLLSFSYQVAKGMAFLASKNCIHRDLAARNILLTHGRITKICDFGLARDIKNDSNYVVKGNARLPVKWMAPESIFNCVYTFESDVWSYGIFLWELFSLGSSPYPGMPVDSKFYKMIKEGFRMLSPEHAPAEMYDIMKTCWDADPLKRPTFKQIVQLIEKQISESTNHIYSNLANCSPNRQKPVVDHSVRINSVGSTASSSQPLLVHDDV,CC(=O)N[C@@H]1[C@@H](O)[C@@H](F)[C@](F)(C(=O)O)O[C@H]1[C@H](O)[C@H](O)CO,6.103473782510445
MNPNQKIITIGSICMVVGIISLILQIGNIISIWISHSIQTGNQNHTGICNQGSITYKVVAGQDSTSVILTGNSSLCPIRGWAIHSKDNGIRIGSKGDVFVIREPFISCSHLECRTFFLTQGALLNDKHSRGTFKDRSPYRALMSCPVGEAPSPYNSRFESVAWSASACHDGMGWLTIGISGPDDGAVAVLKYNGIITETIKSWRKNILRTQESECTCVNGSCFTIMTDGPSDGLASYKIFKIEKGKVTKSIELNAPNSHYEECSCYPDTGKVMCVCRDNWHGSNRPWVSFDQNLDYKIGYICSGVFGDNPRPKDGTGSCGPVSADGANGVKGFSYKYGNGVWIGRTKSDSSRHGFEMIWDPNGWTETDSRFSMRQDVVAMTDRSGYSGSFVQHPELTGLDCMRPCFWVELIRGLPEENAIWTSGSIISFCGVNSDTVDWSWPDGAELPFTIDK,Nc1nc2c(ncn2[C@@H]2O[C@H](COP(=O)(O)OP(=O)(O)OCCNC(=O)CCl)[C@@H](O)[C@H]2O)c(=O)[nH]1,6.101823516502323
MREIVHIQAGQCGNQIGAKFWEVISDEHGIDPTGTYHGDSDLQLDRISVYYNEATGGKYVPRAILVDLEPGTMDSVRSGPFGQIFRPDNFVFGQSGAGNNWAKGHYTEGAELVDSVLDVVRKEAESCDCLQGFQLTHSLGGGTGSGMGTLLISKIREEYPDRIMNTFSVVPSPKVSDTVVEPYNATLSVHQLVENTDETYCIDNEALYDICFRTLKLTTPTYGDLNHLVSATMSGVTTCLRFPGQLNADLRKLAVNMVPFPRLHFFMPGFAPLTSRGSQQYRALTVPELTQQVFDAKNMMAACDPRHGRYLTVAAVFRGRMSMKEVDEQMLNVQNKNSSYFVEWIPNNVKTAVCDIPPRGLKMAVTFIGNSTAIQELFKRISEQFTAMFRRKAFLHWYTGEGMDEMEFTEAESNMNDLVSEYQQYQDATAEEEEDFGEEAEEEA,N=C(N)NCCC[C@H](NC(=O)[C@@H]1C[C@@H](O)CN1C(=O)[C@@H](NC(=O)c1ccc(Br)cc1)C1CCCCC1)C(=O)CF,6.086186147616283
MNPNQKIITIGSICMVIGIVSLMLQIGNMISIWVSHSIQTGNQRQAEPISNTKFLTEKAVASVTLAGNSSLCPISGWAVYSKDNSIRIGSRGDVFVIREPFISCSHLECRTFFLTQGALLNDKHSNGTVKDRSPHRTLMSCPVGEAPSPYNSRFESVAWSASACHDGTSWLTIGISGPDNGAVAVLKYNGIITDTIKSWRNNILRTQESECACVNGSCFTVMTDGPSSGQASYKIFKMEKGKVVKSVELDAPNYHYEECSCYPDAGEITCVCRDNWHGSNRPWVSFNQNLEYQIGYICSGVFGDNPRPNDGTGSCGPVSPNGAYGVKGFSFKYGNGVWIGRTKSTNSRSGFEMIWDPNGWTGTDSSFSVKQDIVAITDWSGYSGSFVQHPELTGLDCIRPCFWVELIRGRPKESTIWTSGSSISFCGVNSDTVSWSWPDGAELPFTIDK,CC(C)[C@H](NC(=O)c1ccc(Br)cc1)C(=O)N1CCC[C@H]1C(=O)N[C@@H](CCCNC(=N)N)C(=O)CF,6.06398920428479
MREIVHIQAGQCGNQIGAKFWEVISDEHGIDPTGTYHGDSDLQLDRISVYYNEATGGKYVPRAILVDLEPGTMDSVRSGPFGQIFRPDNFVFGQSGAGNNWAKGHYTEGAELVDSVLDVVRKEAESCDCLQGFQLTHSLGGGTGSGMGTLLISKIREEYPDRIMNTFSVVPSPKVSDTVVEPYNATLSVHQLVENTDETYCIDNEALYDICFRTLKLTTPTYGDLNHLVSATMSGVTTCLRFPGQLNADLRKLAVNMVPFPRLHFFMPGFAPLTSRGSQQYRALTVPELTQQVFDAKNMMAACDPRHGRYLTVAAVFRGRMSMKEVDEQMLNVQNKNSSYFVEWIPNNVKTAVCDIPPRGLKMAVTFIGNSTAIQELFKRISEQFTAMFRRKAFLHWYTGEGMDEMEFTEAESNMNDLVSEYQQYQDATAEEEEDFGEEAEEEA,CC(C)c1ccc(C(=O)N[C@H](C(=O)N2CCC[C@H]2C(=O)N[C@@H](CCCNC(=N)N)C(=O)CF)C(C)C)cc1,6.062482107982653
MNPNQKIITIGSICMVVGIISLILQIGNIISIWISHSIQTGNQNHTGICNQGSITYKVVAGQDSTSVILTGNSSLCPIRGWAIHSKDNGIRIGSKGDVFVIREPFISCSHLECRTFFLTQGALLNDKHSRGTFKDRSPYRALMSCPVGEAPSPYNSRFESVAWSASACHDGMGWLTIGISGPDDGAVAVLKYNGIITETIKSWRKNILRTQESECTCVNGSCFTIMTDGPSDGLASYKIFKIEKGKVTKSIELNAPNSHYEECSCYPDTGKVMCVCRDNWHGSNRPWVSFDQNLDYKIGYICSGVFGDNPRPKDGTGSCGPVSADGANGVKGFSYKYGNGVWIGRTKSDSSRHGFEMIWDPNGWTETDSRFSMRQDVVAMTDRSGYSGSFVQHPELTGLDCMRPCFWVELIRGLPEENAIWTSGSIISFCGVNSDTVDWSWPDGAELPFTIDK,CC(C)[C@H](NC(=O)c1ccc(Br)cc1)C(=O)N1C[C@H](O)C[C@H]1C(=O)N[C@@H](CCCNC(=N)N)C(=O)CF,6.058488567365597
MREIVHIQAGQCGNQIGAKFWEVISDEHGIDPTGTYHGDSDLQLDRISVYYNEATGGKYVPRAILVDLEPGTMDSVRSGPFGQIFRPDNFVFGQSGAGNNWAKGHYTEGAELVDSVLDVVRKEAESCDCLQGFQLTHSLGGGTGSGMGTLLISKIREEYPDRIMNTFSVVPSPKVSDTVVEPYNATLSVHQLVENTDETYCIDNEALYDICFRTLKLTTPTYGDLNHLVSATMSGVTTCLRFPGQLNADLRKLAVNMVPFPRLHFFMPGFAPLTSRGSQQYRALTVPELTQQVFDAKNMMAACDPRHGRYLTVAAVFRGRMSMKEVDEQMLNVQNKNSSYFVEWIPNNVKTAVCDIPPRGLKMAVTFIGNSTAIQELFKRISEQFTAMFRRKAFLHWYTGEGMDEMEFTEAESNMNDLVSEYQQYQDATAEEEEDFGEEAEEEA,N=C(N)NCCC[C@H](NC(=O)[C@H](CO)NC(=O)[C@@H](NC(=O)c1ccc(Br)cc1)C1CCCCC1)C(=O)CF,6.055517327849832
MNPNQKIITIGSICMVIGIVSLMLQIGNMISIWVSHSIQTGNQRQAEPISNTKFLTEKAVASVTLAGNSSLCPISGWAVYSKDNSIRIGSRGDVFVIREPFISCSHLECRTFFLTQGALLNDKHSNGTVKDRSPHRTLMSCPVGEAPSPYNSRFESVAWSASACHDGTSWLTIGISGPDNGAVAVLKYNGIITDTIKSWRNNILRTQESECACVNGSCFTVMTDGPSSGQASYKIFKMEKGKVVKSVELDAPNYHYEECSCYPDAGEITCVCRDNWHGSNRPWVSFNQNLEYQIGYICSGVFGDNPRPNDGTGSCGPVSPNGAYGVKGFSFKYGNGVWIGRTKSTNSRSGFEMIWDPNGWTGTDSSFSVKQDIVAITDWSGYSGSFVQHPELTGLDCIRPCFWVELIRGRPKESTIWTSGSSISFCGVNSDTVSWSWPDGAELPFTIDK,CC(C)[C@H](NC(=O)Nc1ccc(Cl)cc1)C(=O)N1CCC[C@H]1C(=O)N[C@@H](CCCNC(=N)N)C(=O)CF,6.051098239029786
MNPNQKIITIGSICMVVGIISLILQIGNIISIWISHSIQTGNQNHTGICNQGSITYKVVAGQDSTSVILTGNSSLCPIRGWAIHSKDNGIRIGSKGDVFVIREPFISCSHLECRTFFLTQGALLNDKHSRGTFKDRSPYRALMSCPVGEAPSPYNSRFESVAWSASACHDGMGWLTIGISGPDDGAVAVLKYNGIITETIKSWRKNILRTQESECTCVNGSCFTIMTDGPSDGLASYKIFKIEKGKVTKSIELNAPNSHYEECSCYPDTGKVMCVCRDNWHGSNRPWVSFDQNLDYKIGYICSGVFGDNPRPKDGTGSCGPVSADGANGVKGFSYKYGNGVWIGRTKSDSSRHGFEMIWDPNGWTETDSRFSMRQDVVAMTDRSGYSGSFVQHPELTGLDCMRPCFWVELIRGLPEENAIWTSGSIISFCGVNSDTVDWSWPDGAELPFTIDK,CC(C)[C@H](NC(=O)OCc1ccccc1)C(=O)N[C@@H](CO)C(=O)N[C@@H](CCCNC(=N)N)C(=O)CF,6.006563769502388
MNPNQKIITIGSICMVVGIISLILQIGNIISIWISHSIQTGNQNHTGICNQGSITYKVVAGQDSTSVILTGNSSLCPIRGWAIHSKDNGIRIGSKGDVFVIREPFISCSHLECRTFFLTQGALLNDKHSRGTFKDRSPYRALMSCPVGEAPSPYNSRFESVAWSASACHDGMGWLTIGISGPDDGAVAVLKYNGIITETIKSWRKNILRTQESECTCVNGSCFTIMTDGPSDGLASYKIFKIEKGKVTKSIELNAPNSHYEECSCYPDTGKVMCVCRDNWHGSNRPWVSFDQNLDYKIGYICSGVFGDNPRPKDGTGSCGPVSADGANGVKGFSYKYGNGVWIGRTKSDSSRHGFEMIWDPNGWTETDSRFSMRQDVVAMTDRSGYSGSFVQHPELTGLDCMRPCFWVELIRGLPEENAIWTSGSIISFCGVNSDTVDWSWPDGAELPFTIDK,N=C(N)NCCC[C@H](NC(=O)[C@@H]1CCCN1C(=O)[C@@H](NC(=O)OCc1ccccc1)C1CCCCC1)C(=O)CF,6.006563769502388
MSGRPRTTSFAESCKPVQQPSAFGSMKVSRDKDGSKVTTVVATPGQGPDRPQEVSYTDTKVIGNGSFGVVYQAKLCDSGELVAIKKVLQDKRFKNRELQIMRKLDHCNIVRLRYFFYSSGEKKDEVYLNLVLDYVPETVYRVARHYSRAKQTLPVIYVKLYMYQLFRSLAYIHSFGICHRDIKPQNLLLDPDTAVLKLCDFGSAKQLVRGEPNVSYICSRYYRAPELIFGATDYTSSIDVWSAGCVLAELLLGQPIFPGDSGVDQLVEIIKVLGTPTREQIREMNPNYTEFKFPQIKAHPWTKVFRPRTPPEAIALCSRLLEYTPTARLTPLEACAHSFFDELRDPNVKLPNGRDTPALFNFTTQELSSNPPLATILIPPHARIQAAASTPTNATAASDANTGDRGQTNNAASASASNST,CC(C)[C@H](NC(=O)Nc1ccccc1)C(=O)N1CCC[C@H]1C(=O)N[C@@H](CCCNC(=N)N)C(=O)CF,6.0
MSGRPRTTSFAESCKPVQQPSAFGSMKVSRDKDGSKVTTVVATPGQGPDRPQEVSYTDTKVIGNGSFGVVYQAKLCDSGELVAIKKVLQDKRFKNRELQIMRKLDHCNIVRLRYFFYSSGEKKDEVYLNLVLDYVPETVYRVARHYSRAKQTLPVIYVKLYMYQLFRSLAYIHSFGICHRDIKPQNLLLDPDTAVLKLCDFGSAKQLVRGEPNVSYICSRYYRAPELIFGATDYTSSIDVWSAGCVLAELLLGQPIFPGDSGVDQLVEIIKVLGTPTREQIREMNPNYTEFKFPQIKAHPWTKVFRPRTPPEAIALCSRLLEYTPTARLTPLEACAHSFFDELRDPNVKLPNGRDTPALFNFTTQELSSNPPLATILIPPHARIQAAASTPTNATAASDANTGDRGQTNNAASASASNST,CC(C)[C@H](NC(=O)c1ccc(Br)cc1)C(=O)N1CCOC[C@H]1C(=O)N[C@@H](CCCNC(=N)N)C(=O)CF,6.0
MSGRPRTTSFAESCKPVQQPSAFGSMKVSRDKDGSKVTTVVATPGQGPDRPQEVSYTDTKVIGNGSFGVVYQAKLCDSGELVAIKKVLQDKRFKNRELQIMRKLDHCNIVRLRYFFYSSGEKKDEVYLNLVLDYVPETVYRVARHYSRAKQTLPVIYVKLYMYQLFRSLAYIHSFGICHRDIKPQNLLLDPDTAVLKLCDFGSAKQLVRGEPNVSYICSRYYRAPELIFGATDYTSSIDVWSAGCVLAELLLGQPIFPGDSGVDQLVEIIKVLGTPTREQIREMNPNYTEFKFPQIKAHPWTKVFRPRTPPEAIALCSRLLEYTPTARLTPLEACAHSFFDELRDPNVKLPNGRDTPALFNFTTQELSSNPPLATILIPPHARIQAAASTPTNATAASDANTGDRGQTNNAASASASNST,CC(C)[C@H](NC(=O)c1cccc(Br)c1)C(=O)N1CCC[C@H]1C(=O)N[C@@H](CCCNC(=N)N)C(=O)CF,6.0
MSGRPRTTSFAESCKPVQQPSAFGSMKVSRDKDGSKVTTVVATPGQGPDRPQEVSYTDTKVIGNGSFGVVYQAKLCDSGELVAIKKVLQDKRFKNRELQIMRKLDHCNIVRLRYFFYSSGEKKDEVYLNLVLDYVPETVYRVARHYSRAKQTLPVIYVKLYMYQLFRSLAYIHSFGICHRDIKPQNLLLDPDTAVLKLCDFGSAKQLVRGEPNVSYICSRYYRAPELIFGATDYTSSIDVWSAGCVLAELLLGQPIFPGDSGVDQLVEIIKVLGTPTREQIREMNPNYTEFKFPQIKAHPWTKVFRPRTPPEAIALCSRLLEYTPTARLTPLEACAHSFFDELRDPNVKLPNGRDTPALFNFTTQELSSNPPLATILIPPHARIQAAASTPTNATAASDANTGDRGQTNNAASASASNST,CC(C)[C@H](NC(=O)c1ccc(Cl)cc1)C(=O)N1CCC[C@H]1C(=O)N[C@@H](CCCNC(=N)N)C(=O)CF,6.0
MREIVHIQAGQCGNQIGAKFWEVISDEHGIDPTGTYHGDSDLQLDRISVYYNEATGGKYVPRAILVDLEPGTMDSVRSGPFGQIFRPDNFVFGQSGAGNNWAKGHYTEGAELVDSVLDVVRKEAESCDCLQGFQLTHSLGGGTGSGMGTLLISKIREEYPDRIMNTFSVVPSPKVSDTVVEPYNATLSVHQLVENTDETYCIDNEALYDICFRTLKLTTPTYGDLNHLVSATMSGVTTCLRFPGQLNADLRKLAVNMVPFPRLHFFMPGFAPLTSRGSQQYRALTVPELTQQVFDAKNMMAACDPRHGRYLTVAAVFRGRMSMKEVDEQMLNVQNKNSSYFVEWIPNNVKTAVCDIPPRGLKMAVTFIGNSTAIQELFKRISEQFTAMFRRKAFLHWYTGEGMDEMEFTEAESNMNDLVSEYQQYQDATAEEEEDFGEEAEEEA,CC(C)[C@H](NC(=O)OCc1ccccc1)C(=O)N1C[C@H](O)C[C@H]1C(=O)N[C@@H](CCCNC(=N)N)C(=O)CF,6.0
MREIVHIQAGQCGNQIGAKFWEVISDEHGIDPTGTYHGDSDLQLDRISVYYNEATGGKYVPRAILVDLEPGTMDSVRSGPFGQIFRPDNFVFGQSGAGNNWAKGHYTEGAELVDSVLDVVRKEAESCDCLQGFQLTHSLGGGTGSGMGTLLISKIREEYPDRIMNTFSVVPSPKVSDTVVEPYNATLSVHQLVENTDETYCIDNEALYDICFRTLKLTTPTYGDLNHLVSATMSGVTTCLRFPGQLNADLRKLAVNMVPFPRLHFFMPGFAPLTSRGSQQYRALTVPELTQQVFDAKNMMAACDPRHGRYLTVAAVFRGRMSMKEVDEQMLNVQNKNSSYFVEWIPNNVKTAVCDIPPRGLKMAVTFIGNSTAIQELFKRISEQFTAMFRRKAFLHWYTGEGMDEMEFTEAESNMNDLVSEYQQYQDATAEEEEDFGEEAEEEA,CC(C)[C@H](NC(=O)c1ccc(C(F)(F)F)cc1)C(=O)N1CCC[C@H]1C(=O)N[C@@H](CCCNC(=N)N)C(=O)CF,5.9821322810364945
MNPNQKIITIGSICMVVGIISLILQIGNIISIWISHSIQTGNQNHTGICNQGSITYKVVAGQDSTSVILTGNSSLCPIRGWAIHSKDNGIRIGSKGDVFVIREPFISCSHLECRTFFLTQGALLNDKHSRGTFKDRSPYRALMSCPVGEAPSPYNSRFESVAWSASACHDGMGWLTIGISGPDDGAVAVLKYNGIITETIKSWRKNILRTQESECTCVNGSCFTIMTDGPSDGLASYKIFKIEKGKVTKSIELNAPNSHYEECSCYPDTGKVMCVCRDNWHGSNRPWVSFDQNLDYKIGYICSGVFGDNPRPKDGTGSCGPVSADGANGVKGFSYKYGNGVWIGRTKSDSSRHGFEMIWDPNGWTETDSRFSMRQDVVAMTDRSGYSGSFVQHPELTGLDCMRPCFWVELIRGLPEENAIWTSGSIISFCGVNSDTVDWSWPDGAELPFTIDK,CC(C)[C@H](NC(=O)OCc1ccccc1)C(=O)N1C[C@@H](O)C[C@H]1C(=O)N[C@@H](CCCNC(=N)N)C(=O)CF,5.978810700930062
MREIVHIQAGQCGNQIGAKFWEVISDEHGIDPTGTYHGDSDLQLDRISVYYNEATGGKYVPRAILVDLEPGTMDSVRSGPFGQIFRPDNFVFGQSGAGNNWAKGHYTEGAELVDSVLDVVRKEAESCDCLQGFQLTHSLGGGTGSGMGTLLISKIREEYPDRIMNTFSVVPSPKVSDTVVEPYNATLSVHQLVENTDETYCIDNEALYDICFRTLKLTTPTYGDLNHLVSATMSGVTTCLRFPGQLNADLRKLAVNMVPFPRLHFFMPGFAPLTSRGSQQYRALTVPELTQQVFDAKNMMAACDPRHGRYLTVAAVFRGRMSMKEVDEQMLNVQNKNSSYFVEWIPNNVKTAVCDIPPRGLKMAVTFIGNSTAIQELFKRISEQFTAMFRRKAFLHWYTGEGMDEMEFTEAESNMNDLVSEYQQYQDATAEEEEDFGEEAEEEA,CC(C)[C@H](NC(=O)c1ccc(Br)cc1)C(=O)N1CCCC[C@H]1C(=O)N[C@@H](CCCNC(=N)N)C(=O)CF,5.97469413473523
MGTSHPAFLVLGCLLTGLSLILCQLSLPSILPNENEKVVQLNSSFSLRCFGESEVSWQYPMSEEESSDVEIRNEENNSGLFVTVLEVSSASAAHTGLYTCYYNHTQTEENELEGRHIYIYVPDPDVAFVPLGMTDYLVIVEDDDSAIIPCRTTDPETPVTLHNSEGVVPASYDSRQGFNGTFTVGPYICEATVKGKKFQTIPFNVYALKATSELDLEMEALKTVYKSGETIVVTCAVFNNEVVDLQWTYPGEVKGKGITMLEEIKVPSIKLVYTLTVPEATVKDSGDYECAARQATREVKEMKKVTISVHEKGFIEIKPTFSQLEAVNLHEVKHFVVEVRAYPPPRISWLKNNLTLIENLTEITTDVEKIQEIRYRSKLKLIRAKEEDSGHYTIVAQNEDAVKSYTFELLTQVPSSILDLVDDHHGSTGGQTVRCTAEGTPLPDIEWMICKDIKKCNNETSWTILANNVSNIITEIHSRDRSTVEGRVTFAKVEETIAVRCLAKNLLGAENRELKLVAPTLRSELTVAAAVLVLLVIVIISLIVLVVIWKQKPRYEIRWRVIESISPDGHEYIYVDPMQLPYDSRWEFPRDGLVLGRVLGSGAFGKVVEGTAYGLSRSQPVMKVAVKMLKPTARSSEKQALMSELKIMTHLGPHLNIVNLLGACTKSGPIYIITEYCFYGDLVNYLHKNRDSFLSHHPEKPKKELDIFGLNPADESTRSYVILSFENNGDYMDMKQADTTQYVPMLERKEVSKYSDIQRSLYDRPASYKKKSMLDSEVKNLLSDDNSEGLTLLDLLSFTYQVARGMEFLASKNCVHRDLAARNVLLAQGKIVKICDFGLARDIMHDSNYVSKGSTFLPVKWMAPESIFDNLYTTLSDVWSYGILLWEIFSLGGTPYPGMMVDSTFYNKIKSGYRMAKPDHATSEVYEIMVKCWNSEPEKRPSFYHLSEIVENLLPGQYKKSYEKIHLDFLKSDHPAVARMRVDSDNAYIGVTYKNEEDKLKDWEGGLDEQRLSADSGYIIPLPDIDPVPEEEDLGKRNRHSSQTSEESAIETGSSSSTFIKREDETIEDIDMMDDIGIDSSDLVEDSFL,Nc1nc2c(ncn2[C@@H]2O[C@H](COP(=O)(O)C(F)(F)P(=O)(O)OCCNC(=O)CCl)[C@@H](O)[C@H]2O)c(=O)[nH]1,5.966576244513051
MNPNQKIITIGSICMVVGIISLILQIGNIISIWISHSIQTGNQNHTGICNQGSITYKVVAGQDSTSVILTGNSSLCPIRGWAIHSKDNGIRIGSKGDVFVIREPFISCSHLECRTFFLTQGALLNDKHSRGTFKDRSPYRALMSCPVGEAPSPYNSRFESVAWSASACHDGMGWLTIGISGPDDGAVAVLKYNGIITETIKSWRKNILRTQESECTCVNGSCFTIMTDGPSDGLASYKIFKIEKGKVTKSIELNAPNSHYEECSCYPDTGKVMCVCRDNWHGSNRPWVSFDQNLDYKIGYICSGVFGDNPRPKDGTGSCGPVSADGANGVKGFSYKYGNGVWIGRTKSDSSRHGFEMIWDPNGWTETDSRFSMRQDVVAMTDRSGYSGSFVQHPELTGLDCMRPCFWVELIRGLPEENAIWTSGSIISFCGVNSDTVDWSWPDGAELPFTIDK,CC(C)c1ccc(C(=O)N[C@H](C(=O)N2CCC[C@H]2C(=O)N[C@@H](CCCNC(=N)N)C(=O)CF)C(C)C)cc1,5.940058111938045
MNPNQKIITIGSICMVVGIISLILQIGNIISIWISHSIQTGNQNHTGICNQGSITYKVVAGQDSTSVILTGNSSLCPIRGWAIHSKDNGIRIGSKGDVFVIREPFISCSHLECRTFFLTQGALLNDKHSRGTFKDRSPYRALMSCPVGEAPSPYNSRFESVAWSASACHDGMGWLTIGISGPDDGAVAVLKYNGIITETIKSWRKNILRTQESECTCVNGSCFTIMTDGPSDGLASYKIFKIEKGKVTKSIELNAPNSHYEECSCYPDTGKVMCVCRDNWHGSNRPWVSFDQNLDYKIGYICSGVFGDNPRPKDGTGSCGPVSADGANGVKGFSYKYGNGVWIGRTKSDSSRHGFEMIWDPNGWTETDSRFSMRQDVVAMTDRSGYSGSFVQHPELTGLDCMRPCFWVELIRGLPEENAIWTSGSIISFCGVNSDTVDWSWPDGAELPFTIDK,CC(C)[C@H](NC(=O)c1ccc(C#N)cc1)C(=O)N1CCC[C@H]1C(=O)N[C@@H](CCCNC(=N)N)C(=O)CF,5.939302159646388
MLPSTIQTLTLFLTSGGVLLSLYVSASLSYLLYSDILLKFSPTEITAPTMPLDCANASNVQAVNRSATKGVTLLLPEPEWTYPRLSCPGSTFQKALLISPHRFGETKGNSAPLIIREPFIACGPKECKHFALTHYAAQPGGYYNGTRGDRNKLRHLISVKLGKIPTVENSIFHMAAWSGSACHDGKEWTYIGVDGPDNNALLKIKYGEAYTDTYHSYANNILRTQESACNCIGGNCYLMITDGSASGISECRFLKIREGRIIKEIFPTGRVKHTEECTCGFASNKTIECACRDNSYTAKRPFVKLNVETDTAEIRLMCTETYLDTPRPDDGSITGPCESNGDKGSGGIKGGFVHQRMASKIGRWYSRTMSKTKRMGMGLYVKYDGDPWTDSDALALSGVMVSMEEPGWYSFGFEIKDKKCDVPCIGIEMVHDGGKETWHSAATAIYCLMGSGQLLWDTVTGVDMAL,CC(C)(C)[C@H](NC(=O)OCc1ccccc1)C(=O)N1CCC[C@H]1C(=O)N[C@@H](CCCNC(=N)N)C(=O)CF,5.939302159646388
MREIVHIQAGQCGNQIGAKFWEVISDEHGIDPTGTYHGDSDLQLDRISVYYNEATGGKYVPRAILVDLEPGTMDSVRSGPFGQIFRPDNFVFGQSGAGNNWAKGHYTEGAELVDSVLDVVRKEAESCDCLQGFQLTHSLGGGTGSGMGTLLISKIREEYPDRIMNTFSVVPSPKVSDTVVEPYNATLSVHQLVENTDETYCIDNEALYDICFRTLKLTTPTYGDLNHLVSATMSGVTTCLRFPGQLNADLRKLAVNMVPFPRLHFFMPGFAPLTSRGSQQYRALTVPELTQQVFDAKNMMAACDPRHGRYLTVAAVFRGRMSMKEVDEQMLNVQNKNSSYFVEWIPNNVKTAVCDIPPRGLKMAVTFIGNSTAIQELFKRISEQFTAMFRRKAFLHWYTGEGMDEMEFTEAESNMNDLVSEYQQYQDATAEEEEDFGEEAEEEA,COc1ccc(C(=O)N[C@H](C(=O)N2CCC[C@H]2C(=O)N[C@@H](CCCNC(=N)N)C(=O)CF)C(C)C)cc1,5.924453038607469
MNPNQKIITIGSICMVVGIISLILQIGNIISIWISHSIQTGNQNHTGICNQGSITYKVVAGQDSTSVILTGNSSLCPIRGWAIHSKDNGIRIGSKGDVFVIREPFISCSHLECRTFFLTQGALLNDKHSRGTFKDRSPYRALMSCPVGEAPSPYNSRFESVAWSASACHDGMGWLTIGISGPDDGAVAVLKYNGIITETIKSWRKNILRTQESECTCVNGSCFTIMTDGPSDGLASYKIFKIEKGKVTKSIELNAPNSHYEECSCYPDTGKVMCVCRDNWHGSNRPWVSFDQNLDYKIGYICSGVFGDNPRPKDGTGSCGPVSADGANGVKGFSYKYGNGVWIGRTKSDSSRHGFEMIWDPNGWTETDSRFSMRQDVVAMTDRSGYSGSFVQHPELTGLDCMRPCFWVELIRGLPEENAIWTSGSIISFCGVNSDTVDWSWPDGAELPFTIDK,Nc1nc2c(ncn2[C@@H]2O[C@H](COP(=O)(O)CP(=O)(O)OC3CCN(C(=O)CCl)C3)[C@@H](O)[C@H]2O)c(=O)[nH]1,5.920456992597094
MLPSTVQTLTLLLTSGGVLLSLYVSASLSYLLYSDVLLKFSSTKTTAPTMSLECTNASNAQTVNHSATKEMTFPPPEPEWTYPRLSCQGSTFQKALLISPHRFGEIKGNSAPLIIREPFVACGPKECRHFALTHYAAQPGGYYNGTRKDRNKLRHLVSVKLGKIPTVENSIFHMAAWSGSACHDGREWTYIGVDGPDNDALVKIKYGEAYTDTYHSYAHNILRTQESACNCIGGDCYLMITDGSASGISKCRFLKIREGRIIKEILPTGRVEHTEECTCGFASNKTIECACRDNSYTAKRPFVKLNVETDTAEIRLMCTKTYLDTPRPDDGSIAGPCESNGDKWLGGIKGGFVHQRMASKIGRWYSRTMSKTNRMGMELYVKYDGDPWTDSDALTLSGVMVSIEEPGWYSFGFEIKDKKCDVPCIGIEMVHDGGKDTWHSAATAIYCLMGSGQLLWDTVTGVDMAL,CC(C)[C@H](NC(=O)c1ccccc1Br)C(=O)N1CCC[C@H]1C(=O)N[C@@H](CCCNC(=N)N)C(=O)CF,5.900664722314042
MTEYKLVVVGAGGVGKSALTIQLIQNHFVDEYDPTIEDSYRKQVVIDGETCLLDILDTAGQEEYSAMRDQYMRTGEGFLCVFAINNTKSFEDIHHYREQIKRVKDSEDVPMVLVGNKCDLPSRTVDTKQAQDLARSYGIPFIETSAKTRQRVEDAFYTLVREIRQYRLKKISKEEKTPGCVKIKKCIIM,CCN(CC)CCNC(=O)c1c(C)[nH]c(/C=C2\C(=O)Nc3ccc(NC(=O)CCl)cc32)c1C,8.045757490560675
MPALARDGGQLPLLVVFSAMIFGTITNQDLPVIKCVLINHKNNDSSVGKSSSYPMVSESPEDLGCALRPQSSGTVYEAAAVEVDVSASITLQVLVDAPGNISCLWVFKHSSLNCQPHFDLQNRGVVSMVILKMTETQAGEYLLFIQSEATNYTILFTVSIRNTLLYTLRRPYFRKMENQDALVCISESVPEPIVEWVLCDSQGESCKEESPAVVKKEEKVLHELFGTDIRCCARNELGRECTRLFTIDLNQTPQTTLPQLFLKVGEPLWIRCKAVHVNHGFGLTWELENKALEEGNYFEMSTYSTNRTMIRILFAFVSSVARNDTGYYTCSSSKHPSQSALVTIVEKGFINATNSSEDYEIDQYEEFCFSVRFKAYPQIRCTWTFSRKSFPCEQKGLDNGYSISKFCNHKHQPGEYIFHAENDDAQFTKMFTLNIRRKPQVLAEASASQASCFSDGYPLPSWTWKKCSDKSPNCTEEITEGVWNRKANRKVFGQWVSSSTLNMSEAIKGFLVKCCAYNSLGTSCETILLNSPGPFPFIQDNISFYATIGVCLLFIVVLTLLICHKYKKQFRYESQLQMVQVTGSSDNEYFYVDFREYEYDLKWEFPRENLEFGKVLGSGAFGKVMNATAYGISKTGVSIQVAVKMLKEKADSSEREALMSELKMMTQLGSHENIVNLLGACTLSGPIYLIFEYCCYGDLLNYLRSKREKFHRTWTEIFKEHNFSFYPTFQSHPNSSMPGSREVQIHPDSDQISGLHGNSFHSEDEIEYENQKRLEEEEDLNVLTFEDLLCFAYQVAKGMEFLEFKSCVHRDLAARNVLVTHGKVVKICDFGLARDIMSDSNYVVRGNARLPVKWMAPESLFEGIYTIKSDVWSYGILLWEIFSLGVNPYPGIPVDANFYKLIQNGFKMDQPFYATEEIYIIMQSCWAFDSRKRPSFPNLTSFLGCQLADAEEAMYQNVDGRVSECPHTYQNRRPFSREMDLGLLSPQAQVEDS,Cc1ccc2c(c1)c(-c1ccc(C)[nH]c1=O)c(C(=O)NS(=O)(=O)C1CC1)n2Cc1cc([N+](=O)[O-])ccc1F,7.993962045002683
MELENIVANTVLLKAREGGGGKRKGKSKKWKEILKFPHISQCEDLRRTIDRDYCSLCDKQPIGRLLFRQFCETRPGLECYIQFLDSVAEYEVTPDEKLGEKGKEIMTKYLTPKSPVFIAQVGQDLVSQTEEKLLQKPCKELFSACAQSVHEYLRGEPFHEYLDSMFFDRFLQWKWLERQPVTKNTFRQYRVLGKGGFGEVCACQVRATGKMYACKRLEKKRIKKRKGESMALNEKQILEKVNSQFVVNLAYAYETKDALCLVLTIMNGGDLKFHIYNMGNPGFEEERALFYAAEILCGLEDLHRENTVYRDLKPENILLDDYGHIRISDLGLAVKIPEGDLIRGRVGTVGYMAPEVLNNQRYGLSPDYWGLGCLIYEMIEGQSPFRGRKEKVKREEVDRRVLETEEVYSHKFSEEAKSICKMLLTKDAKQRLGCQEEGAAEVKRHPFFRNMNFKRLEAGMLDPPFVPDPRAVYCKDVLDIEQFSTVKGVNLDHTDDDFYSKFSTGSVSIPWQNEMIETECFKELNVFGPNGTLPPDLNRNHPPEPPKKGLLQRLFKRQHQNNSKSSPSSKTSFNHHINSNHVSSNSTGSS,Cc1nc[nH]c1/C=C1\C(=O)Nc2ccc(C(=O)CCl)cc21,7.721246399047171
MSLLGDPLQALPPSAAPTGPLLAPPAGATLNRLREPLLRRLSELLDQAPEGRGWRRLAELAGSRGRLRLSCLDLEQCSLKVLEPEGSPSLCLLKLMGEKGCTVTELSDFLQAMEHTEVLQLLSPPGIKITVNPESKAVLAGQFVKLCCRATGHPFVQYQWFKMNKEIPNGNTSELIFNAVHVKDAGFYVCRVNNNFTFEFSQWSQLDVCDIPESFQRSVDGVSESKLQICVEPTSQKLMPGSTLVLQCVAVGSPIPHYQWFKNELPLTHETKKLYMVPYVDLEHQGTYWCHVYNDRDSQDSKKVEIIIGRTDEAVECTEDELNNLGHPDNKEQTTDQPLAKDKVALLIGNMNYREHPKLKAPLVDVYELTNLLRQLDFKVVSLLDLTEYEMRNAVDEFLLLLDKGVYGLLYYAGHGYENFGNSFMVPVDAPNPYRSENCLCVQNILKLMQEKETGLNVFLLDMCRKRNDYDDTIPILDALKVTANIVFGYATCQGAEAFEIQHSGLANGIFMKFLKDRLLEDKKITVLLDEVAEDMGKCHLTKGKQALEIRSSLSEKRALTDPIQGTEYSAESLVRNLQWAKAHELPESMCLKFDCGVQIQLGFAAEFSNVMIIYTSIVYKPPEIIMCDAYVTDFPLDLDIDPKDANKGTPEETGSYLVSKDLPKHCLYTRLSSLQKLKEHLVFTVCLSYQYSGLEDTVEDKQEVNVGKPLIAKLDMHRGLGRKTCFQTCLMSNGPYQSSAATSGGAGHYHSLQDPFHGVYHSHPGNPSNVTPADSCHCSRTPDAFISSFAHHASCHFSRSNVPVETTDEIPFSFSDRLRISEK,Cc1ccc2c(c1)c(-c1ccc[nH]c1=O)c(C(=O)NS(=O)(=O)C1CC1)n2Cc1cc(S(=O)(=O)C(F)(F)F)ccc1Cl,7.3979400086720375
MSLLGDPLQALPPSAAPTGPLLAPPAGATLNRLREPLLRRLSELLDQAPEGRGWRRLAELAGSRGRLRLSCLDLEQCSLKVLEPEGSPSLCLLKLMGEKGCTVTELSDFLQAMEHTEVLQLLSPPGIKITVNPESKAVLAGQFVKLCCRATGHPFVQYQWFKMNKEIPNGNTSELIFNAVHVKDAGFYVCRVNNNFTFEFSQWSQLDVCDIPESFQRSVDGVSESKLQICVEPTSQKLMPGSTLVLQCVAVGSPIPHYQWFKNELPLTHETKKLYMVPYVDLEHQGTYWCHVYNDRDSQDSKKVEIIIGRTDEAVECTEDELNNLGHPDNKEQTTDQPLAKDKVALLIGNMNYREHPKLKAPLVDVYELTNLLRQLDFKVVSLLDLTEYEMRNAVDEFLLLLDKGVYGLLYYAGHGYENFGNSFMVPVDAPNPYRSENCLCVQNILKLMQEKETGLNVFLLDMCRKRNDYDDTIPILDALKVTANIVFGYATCQGAEAFEIQHSGLANGIFMKFLKDRLLEDKKITVLLDEVAEDMGKCHLTKGKQALEIRSSLSEKRALTDPIQGTEYSAESLVRNLQWAKAHELPESMCLKFDCGVQIQLGFAAEFSNVMIIYTSIVYKPPEIIMCDAYVTDFPLDLDIDPKDANKGTPEETGSYLVSKDLPKHCLYTRLSSLQKLKEHLVFTVCLSYQYSGLEDTVEDKQEVNVGKPLIAKLDMHRGLGRKTCFQTCLMSNGPYQSSAATSGGAGHYHSLQDPFHGVYHSHPGNPSNVTPADSCHCSRTPDAFISSFAHHASCHFSRSNVPVETTDEIPFSFSDRLRISEK,CC(=O)N[C@@H]1[C@@H](O)[C@@H](F)[C@](F)(C(=O)O)O[C@H]1[C@H](O)[C@H](O)CO,7.045757490560675
MELENIVANTVLLKAREGGGGKRKGKSKKWKEILKFPHISQCEDLRRTIDRDYCSLCDKQPIGRLLFRQFCETRPGLECYIQFLDSVAEYEVTPDEKLGEKGKEIMTKYLTPKSPVFIAQVGQDLVSQTEEKLLQKPCKELFSACAQSVHEYLRGEPFHEYLDSMFFDRFLQWKWLERQPVTKNTFRQYRVLGKGGFGEVCACQVRATGKMYACKRLEKKRIKKRKGESMALNEKQILEKVNSQFVVNLAYAYETKDALCLVLTIMNGGDLKFHIYNMGNPGFEEERALFYAAEILCGLEDLHRENTVYRDLKPENILLDDYGHIRISDLGLAVKIPEGDLIRGRVGTVGYMAPEVLNNQRYGLSPDYWGLGCLIYEMIEGQSPFRGRKEKVKREEVDRRVLETEEVYSHKFSEEAKSICKMLLTKDAKQRLGCQEEGAAEVKRHPFFRNMNFKRLEAGMLDPPFVPDPRAVYCKDVLDIEQFSTVKGVNLDHTDDDFYSKFSTGSVSIPWQNEMIETECFKELNVFGPNGTLPPDLNRNHPPEPPKKGLLQRLFKRQHQNNSKSSPSSKTSFNHHINSNHVSSNSTGSS,CC(=O)N[C@@H]1C[C@@H](F)[C@](F)(C(=O)O)O[C@H]1[C@H](O)[C@H](O)CO,6.958607314841775
MSLLGDPLQALPPSAAPTGPLLAPPAGATLNRLREPLLRRLSELLDQAPEGRGWRRLAELAGSRGRLRLSCLDLEQCSLKVLEPEGSPSLCLLKLMGEKGCTVTELSDFLQAMEHTEVLQLLSPPGIKITVNPESKAVLAGQFVKLCCRATGHPFVQYQWFKMNKEIPNGNTSELIFNAVHVKDAGFYVCRVNNNFTFEFSQWSQLDVCDIPESFQRSVDGVSESKLQICVEPTSQKLMPGSTLVLQCVAVGSPIPHYQWFKNELPLTHETKKLYMVPYVDLEHQGTYWCHVYNDRDSQDSKKVEIIIGRTDEAVECTEDELNNLGHPDNKEQTTDQPLAKDKVALLIGNMNYREHPKLKAPLVDVYELTNLLRQLDFKVVSLLDLTEYEMRNAVDEFLLLLDKGVYGLLYYAGHGYENFGNSFMVPVDAPNPYRSENCLCVQNILKLMQEKETGLNVFLLDMCRKRNDYDDTIPILDALKVTANIVFGYATCQGAEAFEIQHSGLANGIFMKFLKDRLLEDKKITVLLDEVAEDMGKCHLTKGKQALEIRSSLSEKRALTDPIQGTEYSAESLVRNLQWAKAHELPESMCLKFDCGVQIQLGFAAEFSNVMIIYTSIVYKPPEIIMCDAYVTDFPLDLDIDPKDANKGTPEETGSYLVSKDLPKHCLYTRLSSLQKLKEHLVFTVCLSYQYSGLEDTVEDKQEVNVGKPLIAKLDMHRGLGRKTCFQTCLMSNGPYQSSAATSGGAGHYHSLQDPFHGVYHSHPGNPSNVTPADSCHCSRTPDAFISSFAHHASCHFSRSNVPVETTDEIPFSFSDRLRISEK,CC(=O)N[C@H]1[C@H](C[C@H](O)CO)O[C@@](F)(C(=O)O)[C@H](F)[C@@H]1O,6.853871964321762
MTEYKLVVVGAGGVGKSALTIQLIQNHFVDEYDPTIEDSYRKQVVIDGETCLLDILDTAGQEEYSAMRDQYMRTGEGFLCVFAINNTKSFEDIHHYREQIKRVKDSEDVPMVLVGNKCDLPSRTVDTKQAQDLARSYGIPFIETSAKTRQRVEDAFYTLVREIRQYRLKKISKEEKTPGCVKIKKCIIM,N#Cc1cccc(N2CCN(C(=O)c3ccc(Cl)c([N+](=O)[O-])c3)CC2)c1,6.42021640338319
MSGESARSLGKGSAPPGPVPEGSIRIYSMRFCPFAERTRLVLKAKGIRHEVININLKNKPEWFFKKNPFGLVPVLENSQGQLIYESAITCEYLDEAYPGKKLLPDDPYEKACQKMILELFSKVPSLVGSFIRSQNKEDYAGLKEEFRKEFTKLEEVLTNKKTTFFGGNSISMIDYLIWPWFERLEAMKLNECVDHTPKLKLWMAAMKEDPTVSALLTSEKDWQGFLELYLQNSPEACDYGL,CN(C)S(=O)(=O)c1cc(NC(=O)CCl)ccc1-c1ccccc1,6.356547323513812
MSLLGDPLQALPPSAAPTGPLLAPPAGATLNRLREPLLRRLSELLDQAPEGRGWRRLAELAGSRGRLRLSCLDLEQCSLKVLEPEGSPSLCLLKLMGEKGCTVTELSDFLQAMEHTEVLQLLSPPGIKITVNPESKAVLAGQFVKLCCRATGHPFVQYQWFKMNKEIPNGNTSELIFNAVHVKDAGFYVCRVNNNFTFEFSQWSQLDVCDIPESFQRSVDGVSESKLQICVEPTSQKLMPGSTLVLQCVAVGSPIPHYQWFKNELPLTHETKKLYMVPYVDLEHQGTYWCHVYNDRDSQDSKKVEIIIGRTDEAVECTEDELNNLGHPDNKEQTTDQPLAKDKVALLIGNMNYREHPKLKAPLVDVYELTNLLRQLDFKVVSLLDLTEYEMRNAVDEFLLLLDKGVYGLLYYAGHGYENFGNSFMVPVDAPNPYRSENCLCVQNILKLMQEKETGLNVFLLDMCRKRNDYDDTIPILDALKVTANIVFGYATCQGAEAFEIQHSGLANGIFMKFLKDRLLEDKKITVLLDEVAEDMGKCHLTKGKQALEIRSSLSEKRALTDPIQGTEYSAESLVRNLQWAKAHELPESMCLKFDCGVQIQLGFAAEFSNVMIIYTSIVYKPPEIIMCDAYVTDFPLDLDIDPKDANKGTPEETGSYLVSKDLPKHCLYTRLSSLQKLKEHLVFTVCLSYQYSGLEDTVEDKQEVNVGKPLIAKLDMHRGLGRKTCFQTCLMSNGPYQSSAATSGGAGHYHSLQDPFHGVYHSHPGNPSNVTPADSCHCSRTPDAFISSFAHHASCHFSRSNVPVETTDEIPFSFSDRLRISEK,CC(C)[C@H](NC(=O)c1ccc(Br)cc1)C(=O)N[C@@H](CO)C(=O)N[C@@H](CCCNC(=N)N)C(=O)CF,6.0915149811213505
MTEYKLVVVGAGGVGKSALTIQLIQNHFVDEYDPTIEDSYRKQVVIDGETCLLDILDTAGQEEYSAMRDQYMRTGEGFLCVFAINNTKSFEDIHHYREQIKRVKDSEDVPMVLVGNKCDLPSRTVDTKQAQDLARSYGIPFIETSAKTRQRVEDAFYTLVREIRQYRLKKISKEEKTPGCVKIKKCIIM,CC(C)[C@H](NC(=O)OCc1ccccc1)C(=O)N1CCCC[C@H]1C(=O)N[C@@H](CCCNC(=N)N)C(=O)CF,6.036212172654444
MELENIVANTVLLKAREGGGGKRKGKSKKWKEILKFPHISQCEDLRRTIDRDYCSLCDKQPIGRLLFRQFCETRPGLECYIQFLDSVAEYEVTPDEKLGEKGKEIMTKYLTPKSPVFIAQVGQDLVSQTEEKLLQKPCKELFSACAQSVHEYLRGEPFHEYLDSMFFDRFLQWKWLERQPVTKNTFRQYRVLGKGGFGEVCACQVRATGKMYACKRLEKKRIKKRKGESMALNEKQILEKVNSQFVVNLAYAYETKDALCLVLTIMNGGDLKFHIYNMGNPGFEEERALFYAAEILCGLEDLHRENTVYRDLKPENILLDDYGHIRISDLGLAVKIPEGDLIRGRVGTVGYMAPEVLNNQRYGLSPDYWGLGCLIYEMIEGQSPFRGRKEKVKREEVDRRVLETEEVYSHKFSEEAKSICKMLLTKDAKQRLGCQEEGAAEVKRHPFFRNMNFKRLEAGMLDPPFVPDPRAVYCKDVLDIEQFSTVKGVNLDHTDDDFYSKFSTGSVSIPWQNEMIETECFKELNVFGPNGTLPPDLNRNHPPEPPKKGLLQRLFKRQHQNNSKSSPSSKTSFNHHINSNHVSSNSTGSS,CC(C)[C@H](NC(=O)c1ccc(Br)cc1)C(=O)N1CC[C@H]1C(=O)N[C@@H](CCCNC(=N)N)C(=O)CF,6.0
MAVARAALGPLVTGLYDVQAFKFGDFVLKSGLSSPIYIDLRGIVSRPRLLSQVADILFQTAQNAGISFDTVCGVPYTALPLATVICSTNQIPMLIRRKETKDYGTKRLVEGTINPGETCLIIEDVVTSGSSVLETVEVLQKEGLKVTDAIVLLDREQGGKDKLQAHGIRLHSVCTLSKMLEILEQQKKVDAETVGRVKRFIQENVFVAANHNGSPLSIKEAPKELSFGARAELPRIHPVASKLLRLMQKKETNLCLSADVSLARELLQLADALGPSICMLKTHVDILNDFTLDVMKELITLAKCHEFLIFEDRKFADIGNTVKKQYEGGIFKIASWADLVNAHVVPGSGVVKGLQEVGLPLHRGCLLIAEMSSTGSLATGDYTRAAVRMAEEHSEFVVGFISGSRVSMKPEFLHLTPGVQLEAGGDNLGQQYNSPQEVIGKRGSDIIIVGRGIISAADRLEAAEMYRKAAWEAYLSRLGV,CC(C)C[C@H](NC(=O)OCc1ccccc1)C(=O)N[C@H](C(=O)N1CCC[C@H]1C(=O)N[C@@H](CCCNC(=N)N)C(=O)CF)C(C)C,5.958607314841775
MSGESARSLGKGSAPPGPVPEGSIRIYSMRFCPFAERTRLVLKAKGIRHEVININLKNKPEWFFKKNPFGLVPVLENSQGQLIYESAITCEYLDEAYPGKKLLPDDPYEKACQKMILELFSKVPSLVGSFIRSQNKEDYAGLKEEFRKEFTKLEEVLTNKKTTFFGGNSISMIDYLIWPWFERLEAMKLNECVDHTPKLKLWMAAMKEDPTVSALLTSEKDWQGFLELYLQNSPEACDYGL,CC(C)[C@H](NC(=O)OCc1ccccc1)C(=O)N1CCC[C@@]1(C)C(=O)N[C@@H](CCCNC(=N)N)C(=O)CF,5.920818753952375
